season,date,home,away,score_home,score_away,xg_home,xg_away,result
2014-2015,2014-08-16,Manchester United,Swansea,1,2,1.17,0.28,A
2014-2015,2014-08-16,Leicester,Everton,2,2,1.28,0.61,D
2014-2015,2014-08-16,Queens Park Rangers,Hull,0,1,1.9,1.12,A
2014-2015,2014-08-16,Stoke,Aston Villa,0,1,0.42,0.91,A
2014-2015,2014-08-16,West Bromwich Albion,Sunderland,2,2,1.68,0.99,D
2014-2015,2014-08-16,West Ham,Tottenham,0,1,1.85,1.02,A
2014-2015,2014-08-16,Arsenal,Crystal Palace,2,1,1.55,0.16,H
2014-2015,2014-08-17,Liverpool,Southampton,2,1,1.33,1.55,H
2014-2015,2014-08-17,Newcastle United,Manchester City,0,2,0.97,1.48,A
2014-2015,2014-08-18,Burnley,Chelsea,1,3,0.37,2.13,A
2014-2015,2014-08-23,Everton,Arsenal,2,2,1.33,1.43,D
2014-2015,2014-08-23,Swansea,Burnley,1,0,0.91,0.84,H
2014-2015,2014-08-23,Southampton,West Bromwich Albion,0,0,0.67,0.67,D
2014-2015,2014-08-23,Chelsea,Leicester,2,0,2.03,0.55,H
2014-2015,2014-08-23,Aston Villa,Newcastle United,0,0,0.51,0.7,D
2014-2015,2014-08-23,Crystal Palace,West Ham,1,3,0.62,1.34,A
2014-2015,2014-08-24,Hull,Stoke,1,1,0.87,1.61,D
2014-2015,2014-08-24,Tottenham,Queens Park Rangers,4,0,2.39,1.08,H
2014-2015,2014-08-24,Sunderland,Manchester United,1,1,0.67,0.94,D
2014-2015,2014-08-25,Manchester City,Liverpool,3,1,1.31,0.9,H
2014-2015,2014-08-30,West Ham,Southampton,1,3,0.64,1.58,A
2014-2015,2014-08-30,Everton,Chelsea,3,6,1.45,2.03,A
2014-2015,2014-08-30,Swansea,West Bromwich Albion,3,0,2.03,0.7,H
2014-2015,2014-08-30,Queens Park Rangers,Sunderland,1,0,1.27,0.96,H
2014-2015,2014-08-30,Newcastle United,Crystal Palace,3,3,1.7,1.66,D
2014-2015,2014-08-30,Manchester City,Stoke,0,1,0.89,0.3,A
2014-2015,2014-08-30,Burnley,Manchester United,0,0,0.51,0.47,D
2014-2015,2014-08-31,Aston Villa,Hull,2,1,0.64,0.29,H
2014-2015,2014-08-31,Tottenham,Liverpool,0,3,0.49,2.74,A
2014-2015,2014-08-31,Leicester,Arsenal,1,1,0.81,2.3,D
2014-2015,2014-09-13,Liverpool,Aston Villa,0,1,0.73,0.7,A
2014-2015,2014-09-13,West Bromwich Albion,Everton,0,2,0.6,0.81,A
2014-2015,2014-09-13,Stoke,Leicester,0,1,1.65,0.6,A
2014-2015,2014-09-13,Sunderland,Tottenham,2,2,0.34,2.04,D
2014-2015,2014-09-13,Crystal Palace,Burnley,0,0,0.78,1.25,D
2014-2015,2014-09-13,Chelsea,Swansea,4,2,3.57,1.02,H
2014-2015,2014-09-13,Arsenal,Manchester City,2,2,2.08,2.31,D
2014-2015,2014-09-13,Southampton,Newcastle United,4,0,2.12,1.15,H
2014-2015,2014-09-14,Manchester United,Queens Park Rangers,4,0,2.21,0.56,H
2014-2015,2014-09-15,Hull,West Ham,2,2,0.44,0.66,D
2014-2015,2014-09-20,Queens Park Rangers,Stoke,2,2,1.06,1.46,D
2014-2015,2014-09-20,Swansea,Southampton,0,1,0.52,0.75,A
2014-2015,2014-09-20,Aston Villa,Arsenal,0,3,0.65,1.36,A
2014-2015,2014-09-20,Burnley,Sunderland,0,0,0.71,0.64,D
2014-2015,2014-09-20,Newcastle United,Hull,2,2,1.92,0.85,D
2014-2015,2014-09-20,West Ham,Liverpool,3,1,1.26,0.38,H
2014-2015,2014-09-21,Everton,Crystal Palace,2,3,2.56,1.63,A
2014-2015,2014-09-21,Manchester City,Chelsea,1,1,1.06,1.02,D
2014-2015,2014-09-21,Tottenham,West Bromwich Albion,0,1,0.44,1.08,A
2014-2015,2014-09-21,Leicester,Manchester United,5,3,2.54,1.71,H
2014-2015,2014-09-27,Arsenal,Tottenham,1,1,1.26,0.67,D
2014-2015,2014-09-27,Liverpool,Everton,1,1,1.53,0.48,D
2014-2015,2014-09-27,Manchester United,West Ham,2,1,0.52,1.27,H
2014-2015,2014-09-27,Southampton,Queens Park Rangers,2,1,2.34,0.46,H
2014-2015,2014-09-27,Chelsea,Aston Villa,3,0,3.14,0.23,H
2014-2015,2014-09-27,Crystal Palace,Leicester,2,0,2.11,0.45,H
2014-2015,2014-09-27,Hull,Manchester City,2,4,1.12,1.79,A
2014-2015,2014-09-27,Sunderland,Swansea,0,0,1.4,0.16,D
2014-2015,2014-09-28,West Bromwich Albion,Burnley,4,0,1.81,0.47,H
2014-2015,2014-09-29,Stoke,Newcastle United,1,0,1.56,1.14,H
2014-2015,2014-10-04,Swansea,Newcastle United,2,2,1.55,1.19,D
2014-2015,2014-10-04,Sunderland,Stoke,3,1,1.41,0.48,H
2014-2015,2014-10-04,Hull,Crystal Palace,2,0,1.07,0.62,H
2014-2015,2014-10-04,Leicester,Burnley,2,2,1.58,0.96,D
2014-2015,2014-10-04,Aston Villa,Manchester City,0,2,0.69,2.31,A
2014-2015,2014-10-04,Liverpool,West Bromwich Albion,2,1,1.56,1.44,H
2014-2015,2014-10-05,Chelsea,Arsenal,2,0,1.4,0.33,H
2014-2015,2014-10-05,West Ham,Queens Park Rangers,2,0,1.64,0.7,H
2014-2015,2014-10-05,Manchester United,Everton,2,1,1.62,2.14,H
2014-2015,2014-10-05,Tottenham,Southampton,1,0,0.9,1.15,H
2014-2015,2014-10-18,Arsenal,Hull,2,2,2.15,0.55,D
2014-2015,2014-10-18,Newcastle United,Leicester,1,0,2.19,0.65,H
2014-2015,2014-10-18,Southampton,Sunderland,8,0,3.71,0.92,H
2014-2015,2014-10-18,Manchester City,Tottenham,4,1,3.75,2.32,H
2014-2015,2014-10-18,Burnley,West Ham,1,3,1.74,2.84,A
2014-2015,2014-10-18,Everton,Aston Villa,3,0,1.67,0.37,H
2014-2015,2014-10-18,Crystal Palace,Chelsea,1,2,1.17,1.02,A
2014-2015,2014-10-19,Queens Park Rangers,Liverpool,2,3,2.61,1.52,A
2014-2015,2014-10-19,Stoke,Swansea,2,1,1.76,2.27,H
2014-2015,2014-10-20,West Bromwich Albion,Manchester United,2,2,0.62,0.93,D
2014-2015,2014-10-25,West Ham,Manchester City,2,1,2.63,1.86,H
2014-2015,2014-10-25,Southampton,Stoke,1,0,1.38,0.87,H
2014-2015,2014-10-25,Sunderland,Arsenal,0,2,0.44,1.47,A
2014-2015,2014-10-25,West Bromwich Albion,Crystal Palace,2,2,1.46,1.77,D
2014-2015,2014-10-25,Liverpool,Hull,0,0,0.68,0.22,D
2014-2015,2014-10-25,Swansea,Leicester,2,0,1.06,0.77,H
2014-2015,2014-10-26,Manchester United,Chelsea,1,1,1.84,0.99,D
2014-2015,2014-10-26,Tottenham,Newcastle United,1,2,2.04,0.74,A
2014-2015,2014-10-26,Burnley,Everton,1,3,1.56,1.32,A
2014-2015,2014-10-27,Queens Park Rangers,Aston Villa,2,0,0.82,1.19,H
2014-2015,2014-11-01,Everton,Swansea,0,0,1.15,0.69,D
2014-2015,2014-11-01,Hull,Southampton,0,1,0.26,1.9,A
2014-2015,2014-11-01,Arsenal,Burnley,3,0,4.33,0.68,H
2014-2015,2014-11-01,Chelsea,Queens Park Rangers,2,1,2.24,0.51,H
2014-2015,2014-11-01,Stoke,West Ham,2,2,3.07,0.53,D
2014-2015,2014-11-01,Newcastle United,Liverpool,1,0,1.57,0.26,H
2014-2015,2014-11-01,Leicester,West Bromwich Albion,0,1,1.41,0.56,A
2014-2015,2014-11-02,Manchester City,Manchester United,1,0,2.57,0.73,H
2014-2015,2014-11-02,Aston Villa,Tottenham,1,2,0.87,2.54,A
2014-2015,2014-11-03,Crystal Palace,Sunderland,1,3,0.77,0.73,A
2014-2015,2014-11-08,Queens Park Rangers,Manchester City,2,2,1.86,1.7,D
2014-2015,2014-11-08,Southampton,Leicester,2,0,1.01,0.54,H
2014-2015,2014-11-08,West Ham,Aston Villa,0,0,1.48,0.56,D
2014-2015,2014-11-08,Manchester United,Crystal Palace,1,0,0.96,0.4,H
2014-2015,2014-11-08,Burnley,Hull,1,0,1.1,0.53,H
2014-2015,2014-11-08,Liverpool,Chelsea,1,2,0.53,1.97,A
2014-2015,2014-11-09,Sunderland,Everton,1,1,0.51,1.32,D
2014-2015,2014-11-09,Tottenham,Stoke,1,2,1.28,1.25,A
2014-2015,2014-11-09,West Bromwich Albion,Newcastle United,0,2,0.77,0.69,A
2014-2015,2014-11-09,Swansea,Arsenal,2,1,0.52,1.78,H
2014-2015,2014-11-22,Everton,West Ham,2,1,1.83,1.12,H
2014-2015,2014-11-22,Leicester,Sunderland,0,0,0.69,0.89,D
2014-2015,2014-11-22,Chelsea,West Bromwich Albion,2,0,4.37,0.09,H
2014-2015,2014-11-22,Newcastle United,Queens Park Rangers,1,0,1.48,0.4,H
2014-2015,2014-11-22,Stoke,Burnley,1,2,1.94,1.28,A
2014-2015,2014-11-22,Manchester City,Swansea,2,1,2.26,0.96,H
2014-2015,2014-11-22,Arsenal,Manchester United,1,2,2.0,1.28,A
2014-2015,2014-11-23,Hull,Tottenham,1,2,0.94,2.16,A
2014-2015,2014-11-23,Crystal Palace,Liverpool,3,1,1.47,0.95,H
2014-2015,2014-11-24,Aston Villa,Southampton,1,1,1.13,0.86,D
2014-2015,2014-11-29,Sunderland,Chelsea,0,0,1.03,0.76,D
2014-2015,2014-11-29,West Bromwich Albion,Arsenal,0,1,0.32,1.06,A
2014-2015,2014-11-29,West Ham,Newcastle United,1,0,1.1,0.25,H
2014-2015,2014-11-29,Swansea,Crystal Palace,1,1,1.46,1.51,D
2014-2015,2014-11-29,Liverpool,Stoke,1,0,1.71,0.88,H
2014-2015,2014-11-29,Manchester United,Hull,3,0,1.77,0.23,H
2014-2015,2014-11-29,Queens Park Rangers,Leicester,3,2,2.98,2.1,H
2014-2015,2014-11-29,Burnley,Aston Villa,1,1,2.31,1.09,D
2014-2015,2014-11-30,Southampton,Manchester City,0,3,0.8,2.13,A
2014-2015,2014-11-30,Tottenham,Everton,2,1,1.13,0.93,H
2014-2015,2014-12-02,Crystal Palace,Aston Villa,0,1,0.8,0.19,A
2014-2015,2014-12-02,Swansea,Queens Park Rangers,2,0,1.54,0.79,H
2014-2015,2014-12-02,West Bromwich Albion,West Ham,1,2,1.41,1.24,A
2014-2015,2014-12-02,Leicester,Liverpool,1,3,1.24,1.3,A
2014-2015,2014-12-02,Burnley,Newcastle United,1,1,0.68,1.0,D
2014-2015,2014-12-02,Manchester United,Stoke,2,1,1.91,1.29,H
2014-2015,2014-12-03,Arsenal,Southampton,1,0,2.37,0.57,H
2014-2015,2014-12-03,Sunderland,Manchester City,1,4,0.41,1.04,A
2014-2015,2014-12-03,Chelsea,Tottenham,3,0,1.72,0.29,H
2014-2015,2014-12-03,Everton,Hull,1,1,1.28,0.3,D
2014-2015,2014-12-06,Manchester City,Everton,1,0,2.25,0.39,H
2014-2015,2014-12-06,Liverpool,Sunderland,0,0,0.66,0.27,D
2014-2015,2014-12-06,Hull,West Bromwich Albion,0,0,0.59,1.06,D
2014-2015,2014-12-06,Queens Park Rangers,Burnley,2,0,1.64,1.26,H
2014-2015,2014-12-06,Stoke,Arsenal,3,2,2.5,2.02,H
2014-2015,2014-12-06,Tottenham,Crystal Palace,0,0,0.96,1.17,D
2014-2015,2014-12-06,Newcastle United,Chelsea,2,1,1.49,2.16,H
2014-2015,2014-12-07,West Ham,Swansea,3,1,2.12,1.0,H
2014-2015,2014-12-07,Aston Villa,Leicester,2,1,1.98,1.01,H
2014-2015,2014-12-08,Southampton,Manchester United,1,2,1.83,0.8,A
2014-2015,2014-12-13,Sunderland,West Ham,1,1,1.34,0.87,D
2014-2015,2014-12-13,Arsenal,Newcastle United,4,1,2.39,0.94,H
2014-2015,2014-12-13,Leicester,Manchester City,0,1,0.36,1.13,A
2014-2015,2014-12-13,West Bromwich Albion,Aston Villa,1,0,1.44,0.27,H
2014-2015,2014-12-13,Crystal Palace,Stoke,1,1,0.5,0.9,D
2014-2015,2014-12-13,Chelsea,Hull,2,0,1.22,0.44,H
2014-2015,2014-12-13,Burnley,Southampton,1,0,0.4,1.71,H
2014-2015,2014-12-14,Manchester United,Liverpool,3,0,1.8,1.87,H
2014-2015,2014-12-14,Swansea,Tottenham,1,2,1.68,0.73,A
2014-2015,2014-12-15,Everton,Queens Park Rangers,3,1,0.75,0.97,H
2014-2015,2014-12-20,Aston Villa,Manchester United,1,1,0.58,1.07,D
2014-2015,2014-12-20,Southampton,Everton,3,0,2.21,0.6,H
2014-2015,2014-12-20,Hull,Swansea,0,1,0.83,1.45,A
2014-2015,2014-12-20,Queens Park Rangers,West Bromwich Albion,3,2,2.93,1.3,H
2014-2015,2014-12-20,West Ham,Leicester,2,0,1.45,0.66,H
2014-2015,2014-12-20,Manchester City,Crystal Palace,3,0,1.41,0.76,H
2014-2015,2014-12-20,Tottenham,Burnley,2,1,1.77,0.66,H
2014-2015,2014-12-21,Newcastle United,Sunderland,0,1,0.9,2.18,A
2014-2015,2014-12-21,Liverpool,Arsenal,2,2,1.32,0.75,D
2014-2015,2014-12-22,Stoke,Chelsea,0,2,0.41,1.45,A
2014-2015,2014-12-26,Arsenal,Queens Park Rangers,2,1,2.14,1.22,H
2014-2015,2014-12-26,Leicester,Tottenham,1,2,1.47,1.36,A
2014-2015,2014-12-26,Manchester United,Newcastle United,3,1,1.86,1.03,H
2014-2015,2014-12-26,Crystal Palace,Southampton,1,3,0.38,1.3,A
2014-2015,2014-12-26,Everton,Stoke,0,1,1.01,1.4,A
2014-2015,2014-12-26,Sunderland,Hull,1,3,1.36,0.86,A
2014-2015,2014-12-26,Swansea,Aston Villa,1,0,0.6,1.42,H
2014-2015,2014-12-26,Burnley,Liverpool,0,1,0.61,1.07,A
2014-2015,2014-12-26,Chelsea,West Ham,2,0,3.57,0.46,H
2014-2015,2014-12-26,West Bromwich Albion,Manchester City,1,3,2.64,2.1,A
2014-2015,2014-12-28,Aston Villa,Sunderland,0,0,0.65,0.85,D
2014-2015,2014-12-28,West Ham,Arsenal,1,2,1.11,3.36,A
2014-2015,2014-12-28,Manchester City,Burnley,2,2,1.39,0.96,D
2014-2015,2014-12-28,Stoke,West Bromwich Albion,2,0,1.25,1.36,H
2014-2015,2014-12-28,Queens Park Rangers,Crystal Palace,0,0,0.41,0.33,D
2014-2015,2014-12-28,Southampton,Chelsea,1,1,0.53,0.52,D
2014-2015,2014-12-28,Tottenham,Manchester United,0,0,0.89,2.26,D
2014-2015,2014-12-28,Hull,Leicester,0,1,1.72,0.18,A
2014-2015,2014-12-28,Newcastle United,Everton,3,2,1.71,1.07,H
2014-2015,2014-12-29,Liverpool,Swansea,4,1,3.28,1.0,H
2014-2015,2015-01-01,Stoke,Manchester United,1,1,1.41,0.93,D
2014-2015,2015-01-01,Manchester City,Sunderland,3,2,3.63,0.98,H
2014-2015,2015-01-01,Newcastle United,Burnley,3,3,1.25,1.66,D
2014-2015,2015-01-01,Queens Park Rangers,Swansea,1,1,3.16,1.7,D
2014-2015,2015-01-01,Southampton,Arsenal,2,0,2.41,0.85,H
2014-2015,2015-01-01,West Ham,West Bromwich Albion,1,1,1.14,1.12,D
2014-2015,2015-01-01,Aston Villa,Crystal Palace,0,0,1.39,0.58,D
2014-2015,2015-01-01,Hull,Everton,2,0,1.96,0.96,H
2014-2015,2015-01-01,Liverpool,Leicester,2,2,2.39,1.09,D
2014-2015,2015-01-01,Tottenham,Chelsea,5,3,1.82,3.03,H
2014-2015,2015-01-10,Crystal Palace,Tottenham,2,1,2.86,0.92,H
2014-2015,2015-01-10,Leicester,Aston Villa,1,0,2.37,0.61,H
2014-2015,2015-01-10,Everton,Manchester City,1,1,0.95,1.51,D
2014-2015,2015-01-10,Chelsea,Newcastle United,2,0,1.08,0.39,H
2014-2015,2015-01-10,Swansea,West Ham,1,1,1.55,0.73,D
2014-2015,2015-01-10,West Bromwich Albion,Hull,1,0,0.78,0.4,H
2014-2015,2015-01-10,Sunderland,Liverpool,0,1,0.25,2.16,A
2014-2015,2015-01-10,Burnley,Queens Park Rangers,2,1,2.19,1.7,H
2014-2015,2015-01-11,Arsenal,Stoke,3,0,2.27,0.4,H
2014-2015,2015-01-11,Manchester United,Southampton,0,1,1.19,1.16,A
2014-2015,2015-01-17,Tottenham,Sunderland,2,1,0.93,1.2,H
2014-2015,2015-01-17,Newcastle United,Southampton,1,2,0.86,0.43,A
2014-2015,2015-01-17,Swansea,Chelsea,0,5,0.21,3.2,A
2014-2015,2015-01-17,Burnley,Crystal Palace,2,3,1.08,0.53,A
2014-2015,2015-01-17,Leicester,Stoke,0,1,0.38,0.72,A
2014-2015,2015-01-17,Aston Villa,Liverpool,0,2,0.85,1.54,A
2014-2015,2015-01-17,Queens Park Rangers,Manchester United,0,2,0.93,1.56,A
2014-2015,2015-01-18,West Ham,Hull,3,0,2.69,0.42,H
2014-2015,2015-01-18,Manchester City,Arsenal,0,2,0.56,1.49,A
2014-2015,2015-01-19,Everton,West Bromwich Albion,0,0,1.49,0.2,D
2014-2015,2015-01-31,Chelsea,Manchester City,1,1,0.71,0.91,D
2014-2015,2015-01-31,Crystal Palace,Everton,0,1,1.21,1.36,A
2014-2015,2015-01-31,West Bromwich Albion,Tottenham,0,3,0.81,1.34,A
2014-2015,2015-01-31,Sunderland,Burnley,2,0,1.9,1.35,H
2014-2015,2015-01-31,Stoke,Queens Park Rangers,3,1,0.78,1.12,H
2014-2015,2015-01-31,Liverpool,West Ham,2,0,2.28,0.38,H
2014-2015,2015-01-31,Hull,Newcastle United,0,3,0.99,0.51,A
2014-2015,2015-01-31,Manchester United,Leicester,3,1,1.74,0.38,H
2014-2015,2015-02-01,Arsenal,Aston Villa,5,0,2.36,0.71,H
2014-2015,2015-02-01,Southampton,Swansea,0,1,1.63,0.26,A
2014-2015,2015-02-07,Manchester City,Hull,1,1,0.99,1.13,D
2014-2015,2015-02-07,Everton,Liverpool,0,0,0.23,1.04,D
2014-2015,2015-02-07,Leicester,Crystal Palace,0,1,0.78,1.01,A
2014-2015,2015-02-07,Queens Park Rangers,Southampton,0,1,1.03,0.96,A
2014-2015,2015-02-07,Aston Villa,Chelsea,1,2,0.71,1.12,A
2014-2015,2015-02-07,Tottenham,Arsenal,2,1,1.28,0.83,H
2014-2015,2015-02-07,Swansea,Sunderland,1,1,1.86,0.14,D
2014-2015,2015-02-08,Burnley,West Bromwich Albion,2,2,1.1,2.55,D
2014-2015,2015-02-08,Newcastle United,Stoke,1,1,0.79,0.22,D
2014-2015,2015-02-08,West Ham,Manchester United,1,1,0.87,1.21,D
2014-2015,2015-02-10,Arsenal,Leicester,2,1,1.77,0.8,H
2014-2015,2015-02-10,Sunderland,Queens Park Rangers,0,2,1.81,1.27,A
2014-2015,2015-02-10,Hull,Aston Villa,2,0,0.99,0.42,H
2014-2015,2015-02-10,Liverpool,Tottenham,3,2,2.76,1.71,H
2014-2015,2015-02-11,West Bromwich Albion,Swansea,2,0,0.69,0.44,H
2014-2015,2015-02-11,Crystal Palace,Newcastle United,1,1,0.93,0.44,D
2014-2015,2015-02-11,Southampton,West Ham,0,0,1.68,0.13,D
2014-2015,2015-02-11,Chelsea,Everton,1,0,0.9,0.71,H
2014-2015,2015-02-11,Manchester United,Burnley,3,1,1.62,1.85,H
2014-2015,2015-02-11,Stoke,Manchester City,1,4,0.75,2.14,A
2014-2015,2015-02-21,Manchester City,Newcastle United,5,0,3.13,0.17,H
2014-2015,2015-02-21,Aston Villa,Stoke,1,2,0.23,1.12,A
2014-2015,2015-02-21,Chelsea,Burnley,1,1,1.54,0.51,D
2014-2015,2015-02-21,Crystal Palace,Arsenal,1,2,2.26,2.08,A
2014-2015,2015-02-21,Sunderland,West Bromwich Albion,0,0,0.7,0.11,D
2014-2015,2015-02-21,Swansea,Manchester United,2,1,1.04,1.47,H
2014-2015,2015-02-21,Hull,Queens Park Rangers,2,1,1.09,0.19,H
2014-2015,2015-02-22,Southampton,Liverpool,0,2,0.87,0.7,A
2014-2015,2015-02-22,Tottenham,West Ham,2,2,2.18,2.21,D
2014-2015,2015-02-22,Everton,Leicester,2,2,2.05,2.0,D
2014-2015,2015-02-28,West Ham,Crystal Palace,1,3,1.29,0.85,A
2014-2015,2015-02-28,West Bromwich Albion,Southampton,1,0,1.09,0.58,H
2014-2015,2015-02-28,Stoke,Hull,1,0,0.9,0.34,H
2014-2015,2015-02-28,Newcastle United,Aston Villa,1,0,0.93,0.77,H
2014-2015,2015-02-28,Burnley,Swansea,0,1,0.9,1.41,A
2014-2015,2015-02-28,Manchester United,Sunderland,2,0,3.04,0.27,H
2014-2015,2015-03-01,Liverpool,Manchester City,2,1,0.77,1.13,H
2014-2015,2015-03-01,Arsenal,Everton,2,0,1.39,0.37,H
2014-2015,2015-03-03,Hull,Sunderland,1,1,1.39,1.23,D
2014-2015,2015-03-03,Southampton,Crystal Palace,1,0,2.23,0.39,H
2014-2015,2015-03-03,Aston Villa,West Bromwich Albion,2,1,1.92,0.91,H
2014-2015,2015-03-04,West Ham,Chelsea,0,1,1.46,2.38,A
2014-2015,2015-03-04,Manchester City,Leicester,2,0,2.92,0.22,H
2014-2015,2015-03-04,Newcastle United,Manchester United,0,1,1.19,1.69,A
2014-2015,2015-03-04,Stoke,Everton,2,0,1.04,0.42,H
2014-2015,2015-03-04,Tottenham,Swansea,3,2,2.13,0.71,H
2014-2015,2015-03-04,Queens Park Rangers,Arsenal,1,2,0.32,2.17,A
2014-2015,2015-03-04,Liverpool,Burnley,2,0,1.3,0.32,H
2014-2015,2015-03-07,Queens Park Rangers,Tottenham,1,2,1.5,2.62,A
2014-2015,2015-03-14,Sunderland,Aston Villa,0,4,0.47,1.5,A
2014-2015,2015-03-14,West Bromwich Albion,Stoke,1,0,0.96,0.2,H
2014-2015,2015-03-14,Burnley,Manchester City,1,0,0.24,1.26,H
2014-2015,2015-03-14,Arsenal,West Ham,3,0,3.2,0.48,H
2014-2015,2015-03-14,Leicester,Hull,0,0,0.54,1.05,D
2014-2015,2015-03-14,Crystal Palace,Queens Park Rangers,3,1,2.2,0.27,H
2014-2015,2015-03-15,Chelsea,Southampton,1,1,3.19,1.83,D
2014-2015,2015-03-15,Everton,Newcastle United,3,0,2.26,0.81,H
2014-2015,2015-03-15,Manchester United,Tottenham,3,0,1.03,0.21,H
2014-2015,2015-03-16,Swansea,Liverpool,0,1,0.44,1.7,A
2014-2015,2015-03-21,Newcastle United,Arsenal,1,2,1.01,0.75,A
2014-2015,2015-03-21,Stoke,Crystal Palace,1,2,2.08,2.15,A
2014-2015,2015-03-21,Southampton,Burnley,2,0,1.92,1.05,H
2014-2015,2015-03-21,West Ham,Sunderland,1,0,1.0,0.54,H
2014-2015,2015-03-21,Aston Villa,Swansea,0,1,0.76,1.9,A
2014-2015,2015-03-21,Manchester City,West Bromwich Albion,3,0,4.91,0.78,H
2014-2015,2015-03-21,Tottenham,Leicester,4,3,2.83,2.72,H
2014-2015,2015-03-22,Liverpool,Manchester United,1,2,0.56,1.23,A
2014-2015,2015-03-22,Hull,Chelsea,2,3,1.32,0.76,A
2014-2015,2015-03-22,Queens Park Rangers,Everton,1,2,1.39,0.84,A
2014-2015,2015-04-04,Chelsea,Stoke,2,1,3.29,0.28,H
2014-2015,2015-04-04,Arsenal,Liverpool,4,1,1.46,1.21,H
2014-2015,2015-04-04,Everton,Southampton,1,0,1.02,0.53,H
2014-2015,2015-04-04,Leicester,West Ham,2,1,3.44,1.94,H
2014-2015,2015-04-04,Manchester United,Aston Villa,3,1,1.98,0.31,H
2014-2015,2015-04-04,Swansea,Hull,3,1,1.5,0.92,H
2014-2015,2015-04-04,West Bromwich Albion,Queens Park Rangers,1,4,2.13,1.21,A
2014-2015,2015-04-05,Sunderland,Newcastle United,1,0,0.83,0.8,H
2014-2015,2015-04-05,Burnley,Tottenham,0,0,1.51,0.38,D
2014-2015,2015-04-06,Crystal Palace,Manchester City,2,1,1.33,1.11,H
2014-2015,2015-04-07,Aston Villa,Queens Park Rangers,3,3,1.87,1.43,D
2014-2015,2015-04-11,Swansea,Everton,1,1,1.1,0.84,D
2014-2015,2015-04-11,Sunderland,Crystal Palace,1,4,0.62,2.35,A
2014-2015,2015-04-11,Southampton,Hull,2,0,2.37,0.74,H
2014-2015,2015-04-11,West Ham,Stoke,1,1,0.6,0.59,D
2014-2015,2015-04-11,Tottenham,Aston Villa,0,1,0.62,0.86,A
2014-2015,2015-04-11,West Bromwich Albion,Leicester,2,3,0.97,1.69,A
2014-2015,2015-04-11,Burnley,Arsenal,0,1,0.66,1.21,A
2014-2015,2015-04-12,Queens Park Rangers,Chelsea,0,1,0.78,0.92,A
2014-2015,2015-04-12,Manchester United,Manchester City,4,2,2.66,1.76,H
2014-2015,2015-04-13,Liverpool,Newcastle United,2,0,1.27,0.36,H
2014-2015,2015-04-18,Everton,Burnley,1,0,2.36,1.06,H
2014-2015,2015-04-18,Crystal Palace,West Bromwich Albion,0,2,2.06,0.7,A
2014-2015,2015-04-18,Leicester,Swansea,2,0,2.57,0.87,H
2014-2015,2015-04-18,Stoke,Southampton,2,1,2.26,1.36,H
2014-2015,2015-04-18,Chelsea,Manchester United,1,0,1.15,0.74,H
2014-2015,2015-04-19,Manchester City,West Ham,2,0,2.05,0.74,H
2014-2015,2015-04-19,Newcastle United,Tottenham,1,3,0.94,2.0,A
2014-2015,2015-04-25,Crystal Palace,Hull,0,2,0.91,2.38,A
2014-2015,2015-04-25,Burnley,Leicester,0,1,1.99,1.22,A
2014-2015,2015-04-25,Stoke,Sunderland,1,1,2.15,2.18,D
2014-2015,2015-04-25,Manchester City,Aston Villa,3,2,1.19,0.9,H
2014-2015,2015-04-25,West Bromwich Albion,Liverpool,0,0,0.51,1.41,D
2014-2015,2015-04-25,Queens Park Rangers,West Ham,0,0,2.28,0.82,D
2014-2015,2015-04-25,Southampton,Tottenham,2,2,1.39,0.53,D
2014-2015,2015-04-25,Newcastle United,Swansea,2,3,1.55,1.59,A
2014-2015,2015-04-26,Everton,Manchester United,3,0,1.08,0.75,H
2014-2015,2015-04-26,Arsenal,Chelsea,0,0,1.07,0.85,D
2014-2015,2015-04-28,Hull,Liverpool,1,0,0.73,0.52,H
2014-2015,2015-04-29,Leicester,Chelsea,1,3,0.6,1.52,A
2014-2015,2015-05-02,Manchester United,West Bromwich Albion,0,1,2.11,0.32,A
2014-2015,2015-05-02,West Ham,Burnley,1,0,3.24,0.76,H
2014-2015,2015-05-02,Swansea,Stoke,2,0,2.08,0.32,H
2014-2015,2015-05-02,Aston Villa,Everton,3,2,1.56,1.4,H
2014-2015,2015-05-02,Liverpool,Queens Park Rangers,2,1,2.29,0.39,H
2014-2015,2015-05-02,Leicester,Newcastle United,3,0,4.03,0.49,H
2014-2015,2015-05-02,Sunderland,Southampton,2,1,1.98,0.91,H
2014-2015,2015-05-03,Chelsea,Crystal Palace,1,0,1.56,0.42,H
2014-2015,2015-05-03,Tottenham,Manchester City,0,1,2.07,1.81,A
2014-2015,2015-05-04,Hull,Arsenal,1,3,0.47,2.95,A
2014-2015,2015-05-09,Newcastle United,West Bromwich Albion,1,1,1.24,1.21,D
2014-2015,2015-05-09,Stoke,Tottenham,3,0,2.14,0.3,H
2014-2015,2015-05-09,Leicester,Southampton,2,0,1.64,0.35,H
2014-2015,2015-05-09,Crystal Palace,Manchester United,1,2,1.04,2.3,A
2014-2015,2015-05-09,Hull,Burnley,0,1,1.13,1.21,A
2014-2015,2015-05-09,Everton,Sunderland,0,2,1.14,1.2,A
2014-2015,2015-05-09,Aston Villa,West Ham,1,0,1.27,0.15,H
2014-2015,2015-05-10,Manchester City,Queens Park Rangers,6,0,5.35,0.87,H
2014-2015,2015-05-10,Chelsea,Liverpool,1,1,0.54,1.33,D
2014-2015,2015-05-11,Arsenal,Swansea,0,1,1.88,0.35,A
2014-2015,2015-05-16,Southampton,Aston Villa,6,1,3.6,1.19,H
2014-2015,2015-05-16,Queens Park Rangers,Newcastle United,2,1,0.47,2.11,H
2014-2015,2015-05-16,Sunderland,Leicester,0,0,0.94,0.68,D
2014-2015,2015-05-16,Tottenham,Hull,2,0,1.7,1.13,H
2014-2015,2015-05-16,West Ham,Everton,1,2,0.81,2.07,A
2014-2015,2015-05-16,Burnley,Stoke,0,0,0.91,1.76,D
2014-2015,2015-05-16,Liverpool,Crystal Palace,1,3,1.11,2.0,A
2014-2015,2015-05-17,Manchester United,Arsenal,1,1,0.72,1.07,D
2014-2015,2015-05-17,Swansea,Manchester City,2,4,1.06,2.28,A
2014-2015,2015-05-18,West Bromwich Albion,Chelsea,3,0,1.23,1.08,H
2014-2015,2015-05-20,Arsenal,Sunderland,0,0,1.69,1.5,D
2014-2015,2015-05-24,Aston Villa,Burnley,0,1,0.65,0.66,A
2014-2015,2015-05-24,Chelsea,Sunderland,3,1,2.53,1.39,H
2014-2015,2015-05-24,Crystal Palace,Swansea,1,0,1.08,0.12,H
2014-2015,2015-05-24,Arsenal,West Bromwich Albion,4,1,3.17,0.57,H
2014-2015,2015-05-24,Everton,Tottenham,0,1,0.65,1.39,A
2014-2015,2015-05-24,Hull,Manchester United,0,0,0.98,0.4,D
2014-2015,2015-05-24,Leicester,Queens Park Rangers,5,1,2.17,1.27,H
2014-2015,2015-05-24,Manchester City,Southampton,2,0,2.44,0.78,H
2014-2015,2015-05-24,Newcastle United,West Ham,2,0,1.64,0.42,H
2014-2015,2015-05-24,Stoke,Liverpool,6,1,2.16,1.02,H
2015-2016,2015-08-08,Manchester United,Tottenham,1,0,0.63,0.67,H
2015-2016,2015-08-08,Bournemouth,Aston Villa,0,1,0.88,0.78,A
2015-2016,2015-08-08,Everton,Watford,2,2,0.6,0.56,D
2015-2016,2015-08-08,Leicester,Sunderland,4,2,2.57,1.46,H
2015-2016,2015-08-08,Norwich,Crystal Palace,1,3,1.13,2.11,A
2015-2016,2015-08-08,Chelsea,Swansea,2,2,0.64,2.59,D
2015-2016,2015-08-09,Newcastle United,Southampton,2,2,1.55,1.25,D
2015-2016,2015-08-09,Arsenal,West Ham,0,2,1.33,0.54,A
2015-2016,2015-08-09,Stoke,Liverpool,0,1,0.38,0.33,A
2015-2016,2015-08-10,West Bromwich Albion,Manchester City,0,3,0.44,1.92,A
2015-2016,2015-08-14,Aston Villa,Manchester United,0,1,0.22,0.66,A
2015-2016,2015-08-15,West Ham,Leicester,1,2,0.51,1.81,A
2015-2016,2015-08-15,Watford,West Bromwich Albion,0,0,0.76,0.68,D
2015-2016,2015-08-15,Tottenham,Stoke,2,2,1.71,2.81,D
2015-2016,2015-08-15,Southampton,Everton,0,3,1.06,1.4,A
2015-2016,2015-08-15,Sunderland,Norwich,1,3,0.33,1.72,A
2015-2016,2015-08-15,Swansea,Newcastle United,2,0,1.97,0.11,H
2015-2016,2015-08-16,Crystal Palace,Arsenal,1,2,0.96,2.06,A
2015-2016,2015-08-16,Manchester City,Chelsea,3,0,2.19,0.48,H
2015-2016,2015-08-17,Liverpool,Bournemouth,1,0,2.15,0.46,H
2015-2016,2015-08-22,Leicester,Tottenham,1,1,0.83,1.89,D
2015-2016,2015-08-22,West Ham,Bournemouth,3,4,1.5,2.86,A
2015-2016,2015-08-22,Crystal Palace,Aston Villa,2,1,1.24,0.77,H
2015-2016,2015-08-22,Norwich,Stoke,1,1,3.15,0.7,D
2015-2016,2015-08-22,Manchester United,Newcastle United,0,0,1.25,0.44,D
2015-2016,2015-08-22,Sunderland,Swansea,1,1,0.57,1.56,D
2015-2016,2015-08-23,West Bromwich Albion,Chelsea,2,3,1.43,2.03,A
2015-2016,2015-08-23,Everton,Manchester City,0,2,0.58,1.58,A
2015-2016,2015-08-23,Watford,Southampton,0,0,1.18,0.68,D
2015-2016,2015-08-24,Arsenal,Liverpool,0,0,1.84,1.29,D
2015-2016,2015-08-29,Bournemouth,Leicester,1,1,0.32,0.92,D
2015-2016,2015-08-29,Newcastle United,Arsenal,0,1,0.03,2.34,A
2015-2016,2015-08-29,Stoke,West Bromwich Albion,0,1,1.22,0.88,A
2015-2016,2015-08-29,Aston Villa,Sunderland,2,2,2.27,0.37,D
2015-2016,2015-08-29,Chelsea,Crystal Palace,1,2,1.28,2.19,A
2015-2016,2015-08-29,Liverpool,West Ham,0,3,0.56,0.97,A
2015-2016,2015-08-29,Manchester City,Watford,2,0,1.53,0.36,H
2015-2016,2015-08-29,Tottenham,Everton,0,0,2.0,0.69,D
2015-2016,2015-08-30,Southampton,Norwich,3,0,2.86,0.64,H
2015-2016,2015-08-30,Swansea,Manchester United,2,1,0.97,1.28,H
2015-2016,2015-09-12,West Bromwich Albion,Southampton,0,0,0.41,1.01,D
2015-2016,2015-09-12,Manchester United,Liverpool,3,1,1.46,1.03,H
2015-2016,2015-09-12,Watford,Swansea,1,0,1.57,0.5,H
2015-2016,2015-09-12,Norwich,Bournemouth,3,1,1.33,0.39,H
2015-2016,2015-09-12,Arsenal,Stoke,2,0,4.43,0.19,H
2015-2016,2015-09-12,Crystal Palace,Manchester City,0,1,0.74,3.09,A
2015-2016,2015-09-12,Everton,Chelsea,3,1,1.18,0.66,H
2015-2016,2015-09-13,Sunderland,Tottenham,0,1,1.04,1.46,A
2015-2016,2015-09-13,Leicester,Aston Villa,3,2,1.35,0.95,H
2015-2016,2015-09-14,West Ham,Newcastle United,2,0,1.71,0.72,H
2015-2016,2015-09-19,Manchester City,West Ham,1,2,2.98,1.0,A
2015-2016,2015-09-19,Swansea,Everton,0,0,0.86,1.77,D
2015-2016,2015-09-19,Stoke,Leicester,2,2,1.15,1.23,D
2015-2016,2015-09-19,Bournemouth,Sunderland,2,0,0.64,0.85,H
2015-2016,2015-09-19,Aston Villa,West Bromwich Albion,0,1,0.88,0.63,A
2015-2016,2015-09-19,Newcastle United,Watford,1,2,1.15,1.34,A
2015-2016,2015-09-19,Chelsea,Arsenal,2,0,2.07,0.78,H
2015-2016,2015-09-20,Tottenham,Crystal Palace,1,0,1.02,0.54,H
2015-2016,2015-09-20,Southampton,Manchester United,2,3,1.84,1.65,A
2015-2016,2015-09-20,Liverpool,Norwich,1,1,1.9,0.56,D
2015-2016,2015-09-26,West Ham,Norwich,2,2,2.6,1.39,D
2015-2016,2015-09-26,Manchester United,Sunderland,3,0,2.9,0.83,H
2015-2016,2015-09-26,Liverpool,Aston Villa,3,2,1.78,0.89,H
2015-2016,2015-09-26,Newcastle United,Chelsea,2,2,0.7,1.31,D
2015-2016,2015-09-26,Stoke,Bournemouth,2,1,1.94,0.87,H
2015-2016,2015-09-26,Southampton,Swansea,3,1,1.55,1.42,H
2015-2016,2015-09-26,Tottenham,Manchester City,4,1,2.31,1.58,H
2015-2016,2015-09-26,Leicester,Arsenal,2,5,1.39,3.9,A
2015-2016,2015-09-27,Watford,Crystal Palace,0,1,0.69,2.34,A
2015-2016,2015-09-28,West Bromwich Albion,Everton,2,3,1.28,2.3,A
2015-2016,2015-10-03,Crystal Palace,West Bromwich Albion,2,0,1.99,0.26,H
2015-2016,2015-10-03,Aston Villa,Stoke,0,1,0.84,1.03,A
2015-2016,2015-10-03,Bournemouth,Watford,1,1,1.5,0.91,D
2015-2016,2015-10-03,Manchester City,Newcastle United,6,1,3.33,0.98,H
2015-2016,2015-10-03,Norwich,Leicester,1,2,1.18,3.0,A
2015-2016,2015-10-03,Sunderland,West Ham,2,2,1.08,1.94,D
2015-2016,2015-10-03,Chelsea,Southampton,1,3,0.52,1.58,A
2015-2016,2015-10-04,Arsenal,Manchester United,3,0,2.17,1.04,H
2015-2016,2015-10-04,Everton,Liverpool,1,1,1.2,1.31,D
2015-2016,2015-10-04,Swansea,Tottenham,2,2,0.77,1.18,D
2015-2016,2015-10-17,Tottenham,Liverpool,0,0,0.59,0.72,D
2015-2016,2015-10-17,Southampton,Leicester,2,2,1.47,2.79,D
2015-2016,2015-10-17,West Bromwich Albion,Sunderland,1,0,2.08,0.66,H
2015-2016,2015-10-17,Chelsea,Aston Villa,2,0,1.23,0.8,H
2015-2016,2015-10-17,Crystal Palace,West Ham,1,3,1.08,2.76,A
2015-2016,2015-10-17,Everton,Manchester United,0,3,0.65,1.48,A
2015-2016,2015-10-17,Manchester City,Bournemouth,5,1,4.71,0.17,H
2015-2016,2015-10-17,Watford,Arsenal,0,3,0.25,2.69,A
2015-2016,2015-10-18,Newcastle United,Norwich,6,2,2.25,1.34,H
2015-2016,2015-10-19,Swansea,Stoke,0,1,0.49,1.65,A
2015-2016,2015-10-24,Arsenal,Everton,2,1,2.56,0.37,H
2015-2016,2015-10-24,Norwich,West Bromwich Albion,0,1,1.03,1.45,A
2015-2016,2015-10-24,Stoke,Watford,0,2,0.85,1.04,A
2015-2016,2015-10-24,Leicester,Crystal Palace,1,0,1.34,0.24,H
2015-2016,2015-10-24,West Ham,Chelsea,2,1,0.77,1.14,H
2015-2016,2015-10-24,Aston Villa,Swansea,1,2,1.1,1.74,A
2015-2016,2015-10-25,Sunderland,Newcastle United,3,0,2.38,1.42,H
2015-2016,2015-10-25,Bournemouth,Tottenham,1,5,0.49,3.43,A
2015-2016,2015-10-25,Manchester United,Manchester City,0,0,0.39,0.31,D
2015-2016,2015-10-25,Liverpool,Southampton,1,1,0.68,1.56,D
2015-2016,2015-10-31,West Bromwich Albion,Leicester,2,3,1.5,2.23,A
2015-2016,2015-10-31,Swansea,Arsenal,0,3,0.26,2.18,A
2015-2016,2015-10-31,Newcastle United,Stoke,0,0,1.26,1.38,D
2015-2016,2015-10-31,Watford,West Ham,2,0,1.62,0.61,H
2015-2016,2015-10-31,Crystal Palace,Manchester United,0,0,0.94,0.39,D
2015-2016,2015-10-31,Chelsea,Liverpool,1,3,0.74,0.84,A
2015-2016,2015-10-31,Manchester City,Norwich,2,1,2.84,1.17,H
2015-2016,2015-11-01,Everton,Sunderland,6,2,2.35,1.22,H
2015-2016,2015-11-01,Southampton,Bournemouth,2,0,1.16,0.71,H
2015-2016,2015-11-03,Tottenham,Aston Villa,3,1,1.14,0.33,H
2015-2016,2015-11-07,Stoke,Chelsea,1,0,0.83,1.03,H
2015-2016,2015-11-07,Bournemouth,Newcastle United,0,1,1.0,0.5,A
2015-2016,2015-11-07,Leicester,Watford,2,1,1.56,1.01,H
2015-2016,2015-11-07,Manchester United,West Bromwich Albion,2,0,1.28,0.59,H
2015-2016,2015-11-07,Norwich,Swansea,1,0,1.2,0.4,H
2015-2016,2015-11-07,West Ham,Everton,1,1,0.59,1.09,D
2015-2016,2015-11-07,Sunderland,Southampton,0,1,0.3,1.8,A
2015-2016,2015-11-08,Liverpool,Crystal Palace,1,2,2.16,0.85,A
2015-2016,2015-11-08,Arsenal,Tottenham,1,1,2.02,0.91,D
2015-2016,2015-11-08,Aston Villa,Manchester City,0,0,0.18,1.53,D
2015-2016,2015-11-21,Watford,Manchester United,1,2,1.47,1.3,A
2015-2016,2015-11-21,Swansea,Bournemouth,2,2,1.89,1.59,D
2015-2016,2015-11-21,Southampton,Stoke,0,1,0.71,1.19,A
2015-2016,2015-11-21,West Bromwich Albion,Arsenal,2,1,0.33,2.09,H
2015-2016,2015-11-21,Newcastle United,Leicester,0,3,0.37,3.27,A
2015-2016,2015-11-21,Everton,Aston Villa,4,0,2.83,0.32,H
2015-2016,2015-11-21,Chelsea,Norwich,1,0,2.16,0.2,H
2015-2016,2015-11-21,Manchester City,Liverpool,1,4,1.09,2.62,A
2015-2016,2015-11-22,Tottenham,West Ham,4,1,3.22,0.82,H
2015-2016,2015-11-24,Crystal Palace,Sunderland,0,1,0.7,1.31,A
2015-2016,2015-11-28,Leicester,Manchester United,1,1,0.88,1.06,D
2015-2016,2015-11-28,Manchester City,Southampton,3,1,2.12,1.24,H
2015-2016,2015-11-28,Crystal Palace,Newcastle United,5,1,1.68,0.79,H
2015-2016,2015-11-28,Aston Villa,Watford,2,3,1.49,1.45,A
2015-2016,2015-11-28,Sunderland,Stoke,2,0,0.86,0.79,H
2015-2016,2015-11-28,Bournemouth,Everton,3,3,1.69,0.73,D
2015-2016,2015-11-29,Tottenham,Chelsea,0,0,0.33,0.28,D
2015-2016,2015-11-29,West Ham,West Bromwich Albion,1,1,1.41,0.87,D
2015-2016,2015-11-29,Liverpool,Swansea,1,0,1.19,0.37,H
2015-2016,2015-11-29,Norwich,Arsenal,1,1,1.01,1.66,D
2015-2016,2015-12-05,Manchester United,West Ham,0,0,1.76,1.1,D
2015-2016,2015-12-05,Chelsea,Bournemouth,0,1,1.67,1.26,A
2015-2016,2015-12-05,Southampton,Aston Villa,1,1,2.86,1.06,D
2015-2016,2015-12-05,Arsenal,Sunderland,3,1,2.3,1.52,H
2015-2016,2015-12-05,Stoke,Manchester City,2,0,2.01,0.48,H
2015-2016,2015-12-05,Watford,Norwich,2,0,2.07,0.31,H
2015-2016,2015-12-05,Swansea,Leicester,0,3,0.78,2.21,A
2015-2016,2015-12-05,West Bromwich Albion,Tottenham,1,1,1.49,1.13,D
2015-2016,2015-12-06,Newcastle United,Liverpool,2,0,0.65,1.0,H
2015-2016,2015-12-08,Everton,Crystal Palace,1,1,1.7,1.19,D
2015-2016,2015-12-12,Bournemouth,Manchester United,2,1,1.05,1.97,H
2015-2016,2015-12-12,West Ham,Stoke,0,0,1.13,1.87,D
2015-2016,2015-12-12,Crystal Palace,Southampton,1,0,1.31,0.89,H
2015-2016,2015-12-12,Manchester City,Swansea,2,1,1.34,0.96,H
2015-2016,2015-12-12,Norwich,Everton,1,1,1.49,2.44,D
2015-2016,2015-12-12,Sunderland,Watford,0,1,0.88,2.06,A
2015-2016,2015-12-13,Aston Villa,Arsenal,0,2,1.01,1.68,A
2015-2016,2015-12-13,Liverpool,West Bromwich Albion,2,2,2.13,0.84,D
2015-2016,2015-12-13,Tottenham,Newcastle United,1,2,1.03,1.55,A
2015-2016,2015-12-15,Leicester,Chelsea,2,1,0.71,2.27,H
2015-2016,2015-12-19,Everton,Leicester,2,3,1.49,2.03,A
2015-2016,2015-12-19,Manchester United,Norwich,1,2,1.01,0.56,A
2015-2016,2015-12-19,Chelsea,Sunderland,3,1,3.02,1.24,H
2015-2016,2015-12-19,Newcastle United,Aston Villa,1,1,1.28,0.4,D
2015-2016,2015-12-19,Southampton,Tottenham,0,2,0.83,1.47,A
2015-2016,2015-12-19,West Bromwich Albion,Bournemouth,1,2,0.7,1.89,A
2015-2016,2015-12-19,Stoke,Crystal Palace,1,2,2.41,1.95,A
2015-2016,2015-12-20,Watford,Liverpool,3,0,1.99,0.38,H
2015-2016,2015-12-20,Swansea,West Ham,0,0,0.97,0.4,D
2015-2016,2015-12-22,Arsenal,Manchester City,2,1,1.5,0.77,H
2015-2016,2015-12-26,Southampton,Arsenal,4,0,2.43,0.83,H
2015-2016,2015-12-26,Newcastle United,Everton,0,1,1.36,1.7,A
2015-2016,2015-12-26,Manchester City,Sunderland,4,1,3.52,1.08,H
2015-2016,2015-12-26,Chelsea,Watford,2,2,2.09,1.67,D
2015-2016,2015-12-26,Liverpool,Leicester,1,0,1.38,0.51,H
2015-2016,2015-12-26,Aston Villa,West Ham,1,1,1.61,0.84,D
2015-2016,2015-12-26,Tottenham,Norwich,3,0,2.41,0.45,H
2015-2016,2015-12-26,Swansea,West Bromwich Albion,1,0,1.21,0.55,H
2015-2016,2015-12-26,Stoke,Manchester United,2,0,1.18,1.29,H
2015-2016,2015-12-26,Bournemouth,Crystal Palace,0,0,0.87,0.41,D
2015-2016,2015-12-28,West Ham,Southampton,2,1,1.8,1.37,H
2015-2016,2015-12-28,West Bromwich Albion,Newcastle United,1,0,2.1,0.46,H
2015-2016,2015-12-28,Watford,Tottenham,1,2,1.13,0.53,A
2015-2016,2015-12-28,Norwich,Aston Villa,2,0,1.1,0.24,H
2015-2016,2015-12-28,Crystal Palace,Swansea,0,0,0.74,0.17,D
2015-2016,2015-12-28,Everton,Stoke,3,4,2.25,1.58,A
2015-2016,2015-12-28,Arsenal,Bournemouth,2,0,3.13,0.34,H
2015-2016,2015-12-28,Manchester United,Chelsea,0,0,1.35,0.9,D
2015-2016,2015-12-29,Leicester,Manchester City,0,0,0.81,1.67,D
2015-2016,2015-12-30,Sunderland,Liverpool,0,1,0.48,1.81,A
2015-2016,2016-01-02,West Ham,Liverpool,2,0,2.07,1.87,H
2015-2016,2016-01-02,West Bromwich Albion,Stoke,2,1,1.72,0.92,H
2015-2016,2016-01-02,Arsenal,Newcastle United,1,0,1.93,1.15,H
2015-2016,2016-01-02,Leicester,Bournemouth,0,0,2.29,1.26,D
2015-2016,2016-01-02,Manchester United,Swansea,2,1,1.74,0.54,H
2015-2016,2016-01-02,Norwich,Southampton,1,0,1.51,0.93,H
2015-2016,2016-01-02,Sunderland,Aston Villa,3,1,0.76,0.28,H
2015-2016,2016-01-02,Watford,Manchester City,1,2,0.99,0.69,A
2015-2016,2016-01-03,Crystal Palace,Chelsea,0,3,0.55,2.37,A
2015-2016,2016-01-03,Everton,Tottenham,1,1,0.72,0.76,D
2015-2016,2016-01-12,Bournemouth,West Ham,1,3,0.73,1.18,A
2015-2016,2016-01-12,Aston Villa,Crystal Palace,1,0,0.55,0.55,H
2015-2016,2016-01-12,Newcastle United,Manchester United,3,3,1.81,2.36,D
2015-2016,2016-01-13,Southampton,Watford,2,0,1.72,0.12,H
2015-2016,2016-01-13,Stoke,Norwich,3,1,1.24,0.19,H
2015-2016,2016-01-13,Swansea,Sunderland,2,4,1.07,2.49,A
2015-2016,2016-01-13,Chelsea,West Bromwich Albion,2,2,1.39,0.7,D
2015-2016,2016-01-13,Manchester City,Everton,0,0,1.45,0.37,D
2015-2016,2016-01-14,Liverpool,Arsenal,3,3,1.16,2.23,D
2015-2016,2016-01-14,Tottenham,Leicester,0,1,1.23,0.59,A
2015-2016,2016-01-16,Aston Villa,Leicester,1,1,0.67,2.22,D
2015-2016,2016-01-16,Bournemouth,Norwich,3,0,2.53,0.6,H
2015-2016,2016-01-16,Chelsea,Everton,3,3,2.45,1.59,D
2015-2016,2016-01-16,Southampton,West Bromwich Albion,3,0,1.43,0.41,H
2015-2016,2016-01-16,Newcastle United,West Ham,2,1,1.84,1.08,H
2015-2016,2016-01-16,Manchester City,Crystal Palace,4,0,1.74,0.61,H
2015-2016,2016-01-16,Tottenham,Sunderland,4,1,2.03,0.62,H
2015-2016,2016-01-17,Liverpool,Manchester United,0,1,0.95,0.72,A
2015-2016,2016-01-17,Stoke,Arsenal,0,0,0.55,0.59,D
2015-2016,2016-01-19,Swansea,Watford,1,0,0.47,0.53,H
2015-2016,2016-01-23,West Ham,Manchester City,2,2,1.01,1.73,D
2015-2016,2016-01-23,Watford,Newcastle United,2,1,2.59,1.29,H
2015-2016,2016-01-23,West Bromwich Albion,Aston Villa,0,0,0.23,0.56,D
2015-2016,2016-01-23,Sunderland,Bournemouth,1,1,0.61,1.27,D
2015-2016,2016-01-23,Manchester United,Southampton,0,1,0.19,0.84,A
2015-2016,2016-01-23,Crystal Palace,Tottenham,1,3,0.93,1.74,A
2015-2016,2016-01-23,Norwich,Liverpool,4,5,1.03,1.45,A
2015-2016,2016-01-23,Leicester,Stoke,3,0,2.26,0.34,H
2015-2016,2016-01-24,Everton,Swansea,1,2,1.94,1.08,A
2015-2016,2016-01-24,Arsenal,Chelsea,0,1,1.11,1.49,A
2015-2016,2016-02-02,Arsenal,Southampton,0,0,3.38,0.93,D
2015-2016,2016-02-02,Leicester,Liverpool,2,0,1.35,0.58,H
2015-2016,2016-02-02,Norwich,Tottenham,0,3,0.93,2.75,A
2015-2016,2016-02-02,Sunderland,Manchester City,0,1,0.89,0.64,A
2015-2016,2016-02-02,West Ham,Aston Villa,2,0,2.35,0.11,H
2015-2016,2016-02-03,Watford,Chelsea,0,0,0.53,1.14,D
2015-2016,2016-02-03,Everton,Newcastle United,3,0,2.48,0.63,H
2015-2016,2016-02-03,Crystal Palace,Bournemouth,1,2,1.62,1.17,A
2015-2016,2016-02-03,Manchester United,Stoke,3,0,2.45,0.35,H
2015-2016,2016-02-03,West Bromwich Albion,Swansea,1,1,2.31,1.18,D
2015-2016,2016-02-06,Liverpool,Sunderland,2,2,1.58,0.49,D
2015-2016,2016-02-06,Aston Villa,Norwich,2,0,0.92,1.14,H
2015-2016,2016-02-06,Swansea,Crystal Palace,1,1,1.32,1.01,D
2015-2016,2016-02-06,Southampton,West Ham,1,0,1.06,0.97,H
2015-2016,2016-02-06,Stoke,Everton,0,3,0.69,3.06,A
2015-2016,2016-02-06,Newcastle United,West Bromwich Albion,1,0,2.41,0.47,H
2015-2016,2016-02-06,Manchester City,Leicester,1,3,1.71,2.5,A
2015-2016,2016-02-06,Tottenham,Watford,1,0,2.0,0.15,H
2015-2016,2016-02-07,Bournemouth,Arsenal,0,2,0.58,1.14,A
2015-2016,2016-02-07,Chelsea,Manchester United,1,1,1.62,0.78,D
2015-2016,2016-02-13,Chelsea,Newcastle United,5,1,2.09,0.43,H
2015-2016,2016-02-13,Sunderland,Manchester United,2,1,1.48,0.91,H
2015-2016,2016-02-13,Swansea,Southampton,0,1,0.7,1.19,A
2015-2016,2016-02-13,Norwich,West Ham,2,2,1.03,0.74,D
2015-2016,2016-02-13,Everton,West Bromwich Albion,0,1,1.83,1.2,A
2015-2016,2016-02-13,Crystal Palace,Watford,1,2,0.98,2.0,A
2015-2016,2016-02-13,Bournemouth,Stoke,1,3,1.19,0.93,A
2015-2016,2016-02-14,Aston Villa,Liverpool,0,6,0.17,2.01,A
2015-2016,2016-02-14,Manchester City,Tottenham,1,2,1.98,1.24,A
2015-2016,2016-02-14,Arsenal,Leicester,2,1,2.36,1.31,H
2015-2016,2016-02-27,West Ham,Sunderland,1,0,0.52,1.08,H
2015-2016,2016-02-27,Watford,Bournemouth,0,0,1.0,0.96,D
2015-2016,2016-02-27,Leicester,Norwich,1,0,1.76,0.81,H
2015-2016,2016-02-27,Southampton,Chelsea,1,2,1.01,0.63,A
2015-2016,2016-02-27,Stoke,Aston Villa,2,1,2.04,0.41,H
2015-2016,2016-02-27,West Bromwich Albion,Crystal Palace,3,2,2.07,1.22,H
2015-2016,2016-02-28,Tottenham,Swansea,2,1,3.57,1.25,H
2015-2016,2016-02-28,Manchester United,Arsenal,3,2,1.1,1.54,H
2015-2016,2016-03-01,Bournemouth,Southampton,2,0,1.41,0.95,H
2015-2016,2016-03-01,Norwich,Chelsea,1,2,1.24,0.98,A
2015-2016,2016-03-01,Sunderland,Crystal Palace,2,2,0.93,0.89,D
2015-2016,2016-03-01,Aston Villa,Everton,1,3,0.6,2.64,A
2015-2016,2016-03-01,Leicester,West Bromwich Albion,2,2,3.05,1.29,D
2015-2016,2016-03-02,West Ham,Tottenham,1,0,0.78,1.23,H
2015-2016,2016-03-02,Arsenal,Swansea,1,2,1.49,1.7,A
2015-2016,2016-03-02,Stoke,Newcastle United,1,0,0.3,0.27,H
2015-2016,2016-03-03,Liverpool,Manchester City,3,0,1.17,0.18,H
2015-2016,2016-03-03,Manchester United,Watford,1,0,0.79,2.16,H
2015-2016,2016-03-05,Manchester City,Aston Villa,4,0,2.83,0.12,H
2015-2016,2016-03-05,Watford,Leicester,0,1,0.83,1.47,A
2015-2016,2016-03-05,Everton,West Ham,2,3,2.09,2.72,A
2015-2016,2016-03-05,Newcastle United,Bournemouth,1,3,0.83,1.27,A
2015-2016,2016-03-05,Swansea,Norwich,1,0,0.55,0.58,H
2015-2016,2016-03-05,Tottenham,Arsenal,2,2,1.88,0.54,D
2015-2016,2016-03-05,Chelsea,Stoke,1,1,1.06,1.6,D
2015-2016,2016-03-05,Southampton,Sunderland,1,1,1.55,1.32,D
2015-2016,2016-03-06,Crystal Palace,Liverpool,1,2,1.44,2.27,A
2015-2016,2016-03-06,West Bromwich Albion,Manchester United,1,0,0.57,0.42,H
2015-2016,2016-03-12,Norwich,Manchester City,0,0,0.14,0.56,D
2015-2016,2016-03-12,Stoke,Southampton,1,2,1.07,0.87,A
2015-2016,2016-03-12,Bournemouth,Swansea,3,2,0.71,1.1,H
2015-2016,2016-03-13,Aston Villa,Tottenham,0,2,1.84,2.0,A
2015-2016,2016-03-14,Leicester,Newcastle United,1,0,0.85,0.52,H
2015-2016,2016-03-19,Swansea,Aston Villa,1,0,0.49,0.73,H
2015-2016,2016-03-19,West Bromwich Albion,Norwich,0,1,0.33,0.8,A
2015-2016,2016-03-19,Watford,Stoke,1,2,0.88,1.58,A
2015-2016,2016-03-19,Chelsea,West Ham,2,2,2.14,0.86,D
2015-2016,2016-03-19,Crystal Palace,Leicester,0,1,0.78,1.2,A
2015-2016,2016-03-19,Everton,Arsenal,0,2,0.59,1.92,A
2015-2016,2016-03-20,Southampton,Liverpool,3,2,1.57,1.29,H
2015-2016,2016-03-20,Newcastle United,Sunderland,1,1,0.94,0.79,D
2015-2016,2016-03-20,Manchester City,Manchester United,0,1,1.86,0.9,A
2015-2016,2016-03-20,Tottenham,Bournemouth,3,0,2.03,0.12,H
2015-2016,2016-04-02,Liverpool,Tottenham,1,1,1.38,1.24,D
2015-2016,2016-04-02,West Ham,Crystal Palace,2,2,1.71,1.66,D
2015-2016,2016-04-02,Sunderland,West Bromwich Albion,0,0,1.55,0.06,D
2015-2016,2016-04-02,Stoke,Swansea,2,2,1.18,0.43,D
2015-2016,2016-04-02,Norwich,Newcastle United,3,2,1.65,1.47,H
2015-2016,2016-04-02,Bournemouth,Manchester City,0,4,1.32,0.87,A
2015-2016,2016-04-02,Arsenal,Watford,4,0,3.01,0.29,H
2015-2016,2016-04-02,Aston Villa,Chelsea,0,4,0.73,2.49,A
2015-2016,2016-04-03,Leicester,Southampton,1,0,1.39,0.67,H
2015-2016,2016-04-03,Manchester United,Everton,1,0,1.0,0.76,H
2015-2016,2016-04-09,Manchester City,West Bromwich Albion,2,1,2.07,1.09,H
2015-2016,2016-04-09,Aston Villa,Bournemouth,1,2,0.22,1.0,A
2015-2016,2016-04-09,Swansea,Chelsea,1,0,1.91,1.3,H
2015-2016,2016-04-09,Crystal Palace,Norwich,1,0,1.45,0.68,H
2015-2016,2016-04-09,Watford,Everton,1,1,0.41,1.6,D
2015-2016,2016-04-09,West Ham,Arsenal,3,3,1.11,1.47,D
2015-2016,2016-04-09,Southampton,Newcastle United,3,1,1.78,0.17,H
2015-2016,2016-04-10,Sunderland,Leicester,0,2,0.87,2.6,A
2015-2016,2016-04-10,Tottenham,Manchester United,3,0,1.8,0.34,H
2015-2016,2016-04-10,Liverpool,Stoke,4,1,2.21,0.86,H
2015-2016,2016-04-13,Crystal Palace,Everton,0,0,1.59,0.76,D
2015-2016,2016-04-16,Chelsea,Manchester City,0,3,0.49,2.63,A
2015-2016,2016-04-16,Norwich,Sunderland,0,3,1.09,2.0,A
2015-2016,2016-04-16,Manchester United,Aston Villa,1,0,1.09,0.26,H
2015-2016,2016-04-16,Everton,Southampton,1,1,0.32,1.38,D
2015-2016,2016-04-16,Newcastle United,Swansea,3,0,1.5,0.79,H
2015-2016,2016-04-16,West Bromwich Albion,Watford,0,1,2.29,0.36,A
2015-2016,2016-04-17,Arsenal,Crystal Palace,1,1,1.73,0.28,D
2015-2016,2016-04-17,Leicester,West Ham,2,2,1.95,1.57,D
2015-2016,2016-04-17,Bournemouth,Liverpool,1,2,0.86,1.81,A
2015-2016,2016-04-18,Stoke,Tottenham,0,4,0.46,2.9,A
2015-2016,2016-04-19,Newcastle United,Manchester City,1,1,0.46,0.52,D
2015-2016,2016-04-20,West Ham,Watford,3,1,3.96,1.22,H
2015-2016,2016-04-20,Manchester United,Crystal Palace,2,0,1.47,0.14,H
2015-2016,2016-04-20,Liverpool,Everton,4,0,3.24,0.09,H
2015-2016,2016-04-21,Arsenal,West Bromwich Albion,2,0,1.37,0.84,H
2015-2016,2016-04-23,Bournemouth,Chelsea,1,4,0.58,2.07,A
2015-2016,2016-04-23,Manchester City,Stoke,4,0,2.22,1.09,H
2015-2016,2016-04-23,Aston Villa,Southampton,2,4,1.47,3.66,A
2015-2016,2016-04-23,Liverpool,Newcastle United,2,2,0.71,0.25,D
2015-2016,2016-04-24,Leicester,Swansea,4,0,3.32,0.58,H
2015-2016,2016-04-24,Sunderland,Arsenal,0,0,0.62,0.97,D
2015-2016,2016-04-25,Tottenham,West Bromwich Albion,1,1,1.26,0.89,D
2015-2016,2016-04-30,Stoke,Sunderland,1,1,0.68,1.43,D
2015-2016,2016-04-30,Newcastle United,Crystal Palace,1,0,0.53,1.05,H
2015-2016,2016-04-30,Everton,Bournemouth,2,1,0.95,1.43,H
2015-2016,2016-04-30,Watford,Aston Villa,3,2,1.36,0.49,H
2015-2016,2016-04-30,West Bromwich Albion,West Ham,0,3,1.53,1.27,A
2015-2016,2016-04-30,Arsenal,Norwich,1,0,0.78,0.58,H
2015-2016,2016-05-01,Swansea,Liverpool,3,1,2.32,0.78,H
2015-2016,2016-05-01,Manchester United,Leicester,1,1,1.18,1.17,D
2015-2016,2016-05-01,Southampton,Manchester City,4,2,2.84,1.13,H
2015-2016,2016-05-02,Chelsea,Tottenham,2,2,0.82,1.9,D
2015-2016,2016-05-07,Norwich,Manchester United,0,1,1.37,1.48,A
2015-2016,2016-05-07,Crystal Palace,Stoke,2,1,1.31,1.28,H
2015-2016,2016-05-07,West Ham,Swansea,1,4,2.39,2.47,A
2015-2016,2016-05-07,Aston Villa,Newcastle United,0,0,0.03,1.1,D
2015-2016,2016-05-07,Bournemouth,West Bromwich Albion,1,1,0.81,1.34,D
2015-2016,2016-05-07,Sunderland,Chelsea,3,2,0.77,1.78,H
2015-2016,2016-05-07,Leicester,Everton,3,1,4.51,1.3,H
2015-2016,2016-05-08,Manchester City,Arsenal,2,2,0.75,1.08,D
2015-2016,2016-05-08,Liverpool,Watford,2,0,2.39,0.93,H
2015-2016,2016-05-08,Tottenham,Southampton,1,2,2.56,1.31,A
2015-2016,2016-05-10,West Ham,Manchester United,3,2,2.13,0.64,H
2015-2016,2016-05-11,Norwich,Watford,4,2,2.42,1.77,H
2015-2016,2016-05-11,Sunderland,Everton,3,0,2.45,1.17,H
2015-2016,2016-05-11,Liverpool,Chelsea,1,1,1.84,0.81,D
2015-2016,2016-05-15,Watford,Sunderland,2,2,1.95,0.91,D
2015-2016,2016-05-15,Swansea,Manchester City,1,1,0.12,2.04,D
2015-2016,2016-05-15,Stoke,West Ham,2,1,0.29,2.94,H
2015-2016,2016-05-15,Southampton,Crystal Palace,4,1,2.32,1.25,H
2015-2016,2016-05-15,West Bromwich Albion,Liverpool,1,1,1.87,0.42,D
2015-2016,2016-05-15,Everton,Norwich,3,0,2.41,0.43,H
2015-2016,2016-05-15,Chelsea,Leicester,1,1,1.86,1.23,D
2015-2016,2016-05-15,Arsenal,Aston Villa,4,0,3.4,0.22,H
2015-2016,2016-05-15,Newcastle United,Tottenham,5,1,2.43,0.87,H
2015-2016,2016-05-17,Manchester United,Bournemouth,3,1,1.72,0.5,H
2016-2017,2016-08-13,Hull,Leicester,2,1,0.74,2.46,H
2016-2017,2016-08-13,Crystal Palace,West Bromwich Albion,0,1,0.99,0.68,A
2016-2017,2016-08-13,Everton,Tottenham,1,1,0.79,1.12,D
2016-2017,2016-08-13,Burnley,Swansea,0,1,1.05,1.72,A
2016-2017,2016-08-13,Middlesbrough,Stoke,1,1,1.81,0.49,D
2016-2017,2016-08-13,Southampton,Watford,1,1,0.94,0.18,D
2016-2017,2016-08-13,Manchester City,Sunderland,2,1,1.95,1.1,H
2016-2017,2016-08-14,Bournemouth,Manchester United,1,3,0.52,1.91,A
2016-2017,2016-08-14,Arsenal,Liverpool,3,4,1.18,1.66,A
2016-2017,2016-08-15,Chelsea,West Ham,2,1,1.46,0.45,H
2016-2017,2016-08-19,Manchester United,Southampton,2,0,1.37,0.61,H
2016-2017,2016-08-20,Leicester,Arsenal,0,0,0.55,0.52,D
2016-2017,2016-08-20,West Bromwich Albion,Everton,1,2,2.02,1.84,A
2016-2017,2016-08-20,Watford,Chelsea,1,2,0.8,1.76,A
2016-2017,2016-08-20,Stoke,Manchester City,1,4,1.31,2.17,A
2016-2017,2016-08-20,Swansea,Hull,0,2,1.14,2.19,A
2016-2017,2016-08-20,Burnley,Liverpool,2,0,0.2,0.94,H
2016-2017,2016-08-20,Tottenham,Crystal Palace,1,0,2.26,0.36,H
2016-2017,2016-08-21,Sunderland,Middlesbrough,1,2,1.46,0.85,A
2016-2017,2016-08-21,West Ham,Bournemouth,1,0,1.69,0.39,H
2016-2017,2016-08-27,Crystal Palace,Bournemouth,1,1,2.66,0.97,D
2016-2017,2016-08-27,Hull,Manchester United,0,1,0.27,2.47,A
2016-2017,2016-08-27,Everton,Stoke,1,0,2.32,0.19,H
2016-2017,2016-08-27,Chelsea,Burnley,3,0,2.66,0.18,H
2016-2017,2016-08-27,Southampton,Sunderland,1,1,0.61,1.39,D
2016-2017,2016-08-27,Leicester,Swansea,2,1,2.48,0.33,H
2016-2017,2016-08-27,Watford,Arsenal,1,3,1.08,2.03,A
2016-2017,2016-08-27,Tottenham,Liverpool,1,1,0.59,1.93,D
2016-2017,2016-08-28,West Bromwich Albion,Middlesbrough,0,0,0.7,0.4,D
2016-2017,2016-08-28,Manchester City,West Ham,3,1,3.22,1.08,H
2016-2017,2016-09-10,Liverpool,Leicester,4,1,2.77,1.23,H
2016-2017,2016-09-10,Burnley,Hull,1,1,0.45,0.91,D
2016-2017,2016-09-10,Bournemouth,West Bromwich Albion,1,0,0.99,1.48,H
2016-2017,2016-09-10,West Ham,Watford,2,4,1.32,1.85,A
2016-2017,2016-09-10,Stoke,Tottenham,0,4,1.02,2.77,A
2016-2017,2016-09-10,Middlesbrough,Crystal Palace,1,2,0.61,1.12,A
2016-2017,2016-09-10,Manchester United,Manchester City,1,2,1.01,1.89,A
2016-2017,2016-09-10,Arsenal,Southampton,2,1,1.89,1.18,H
2016-2017,2016-09-11,Swansea,Chelsea,2,2,1.23,2.19,D
2016-2017,2016-09-12,Sunderland,Everton,0,3,1.04,2.85,A
2016-2017,2016-09-16,Chelsea,Liverpool,1,2,1.16,1.42,A
2016-2017,2016-09-17,Hull,Arsenal,1,4,0.97,3.63,A
2016-2017,2016-09-17,Leicester,Burnley,3,0,1.99,0.46,H
2016-2017,2016-09-17,Manchester City,Bournemouth,4,0,3.39,0.39,H
2016-2017,2016-09-17,West Bromwich Albion,West Ham,4,2,1.94,2.37,H
2016-2017,2016-09-17,Everton,Middlesbrough,3,1,1.17,0.18,H
2016-2017,2016-09-18,Tottenham,Sunderland,1,0,2.53,0.96,H
2016-2017,2016-09-18,Southampton,Swansea,1,0,2.15,0.49,H
2016-2017,2016-09-18,Watford,Manchester United,3,1,1.75,1.41,H
2016-2017,2016-09-18,Crystal Palace,Stoke,4,1,1.31,1.2,H
2016-2017,2016-09-24,Arsenal,Chelsea,3,0,1.66,0.61,H
2016-2017,2016-09-24,Swansea,Manchester City,1,3,1.11,2.58,A
2016-2017,2016-09-24,Manchester United,Leicester,4,1,2.46,0.29,H
2016-2017,2016-09-24,Middlesbrough,Tottenham,1,2,0.36,1.42,A
2016-2017,2016-09-24,Stoke,West Bromwich Albion,1,1,0.98,0.27,D
2016-2017,2016-09-24,Sunderland,Crystal Palace,2,3,1.51,1.79,A
2016-2017,2016-09-24,Liverpool,Hull,5,1,4.65,0.16,H
2016-2017,2016-09-24,Bournemouth,Everton,1,0,0.69,1.16,H
2016-2017,2016-09-25,West Ham,Southampton,0,3,0.69,2.98,A
2016-2017,2016-09-26,Burnley,Watford,2,0,0.57,0.78,H
2016-2017,2016-09-30,Everton,Crystal Palace,1,1,1.15,0.48,D
2016-2017,2016-10-01,Swansea,Liverpool,1,2,2.66,2.02,A
2016-2017,2016-10-01,Sunderland,West Bromwich Albion,1,1,1.19,0.88,D
2016-2017,2016-10-01,Hull,Chelsea,0,2,0.27,1.99,A
2016-2017,2016-10-01,Watford,Bournemouth,2,2,1.23,1.35,D
2016-2017,2016-10-01,West Ham,Middlesbrough,1,1,0.88,0.85,D
2016-2017,2016-10-02,Tottenham,Manchester City,2,0,1.7,0.91,H
2016-2017,2016-10-02,Burnley,Arsenal,0,1,0.61,1.85,A
2016-2017,2016-10-02,Manchester United,Stoke,1,1,2.81,1.2,D
2016-2017,2016-10-02,Leicester,Southampton,0,0,0.45,0.92,D
2016-2017,2016-10-15,Crystal Palace,West Ham,0,1,1.95,0.87,A
2016-2017,2016-10-15,West Bromwich Albion,Tottenham,1,1,1.3,1.32,D
2016-2017,2016-10-15,Stoke,Sunderland,2,0,2.3,0.59,H
2016-2017,2016-10-15,Chelsea,Leicester,3,0,3.12,0.18,H
2016-2017,2016-10-15,Bournemouth,Hull,6,1,2.93,0.39,H
2016-2017,2016-10-15,Arsenal,Swansea,3,2,3.51,1.75,H
2016-2017,2016-10-15,Manchester City,Everton,1,1,2.69,0.14,D
2016-2017,2016-10-16,Middlesbrough,Watford,0,1,0.53,0.09,A
2016-2017,2016-10-16,Southampton,Burnley,3,1,4.21,1.03,H
2016-2017,2016-10-17,Liverpool,Manchester United,0,0,0.27,0.54,D
2016-2017,2016-10-22,Bournemouth,Tottenham,0,0,0.52,0.75,D
2016-2017,2016-10-22,West Ham,Sunderland,1,0,1.2,0.81,H
2016-2017,2016-10-22,Swansea,Watford,0,0,1.33,0.48,D
2016-2017,2016-10-22,Leicester,Crystal Palace,3,1,1.7,1.66,H
2016-2017,2016-10-22,Hull,Stoke,0,2,0.7,1.04,A
2016-2017,2016-10-22,Burnley,Everton,2,1,0.91,0.75,H
2016-2017,2016-10-22,Arsenal,Middlesbrough,0,0,0.71,1.56,D
2016-2017,2016-10-22,Liverpool,West Bromwich Albion,2,1,2.3,0.69,H
2016-2017,2016-10-23,Manchester City,Southampton,1,1,1.15,0.56,D
2016-2017,2016-10-23,Chelsea,Manchester United,4,0,2.25,0.74,H
2016-2017,2016-10-29,Manchester United,Burnley,0,0,2.72,0.33,D
2016-2017,2016-10-29,Crystal Palace,Liverpool,2,4,0.5,2.26,A
2016-2017,2016-10-29,Middlesbrough,Bournemouth,2,0,1.44,1.55,H
2016-2017,2016-10-29,West Bromwich Albion,Manchester City,0,4,0.6,2.48,A
2016-2017,2016-10-29,Watford,Hull,1,0,1.15,0.25,H
2016-2017,2016-10-29,Tottenham,Leicester,1,1,1.7,0.74,D
2016-2017,2016-10-29,Sunderland,Arsenal,1,4,0.85,2.48,A
2016-2017,2016-10-30,Everton,West Ham,2,0,2.01,0.94,H
2016-2017,2016-10-30,Southampton,Chelsea,0,2,0.42,1.15,A
2016-2017,2016-11-01,Stoke,Swansea,3,1,2.16,1.1,H
2016-2017,2016-11-05,Bournemouth,Sunderland,1,2,2.65,1.14,A
2016-2017,2016-11-05,Burnley,Crystal Palace,3,2,2.26,2.06,H
2016-2017,2016-11-05,Manchester City,Middlesbrough,1,1,2.5,0.21,D
2016-2017,2016-11-05,West Ham,Stoke,1,1,0.4,0.81,D
2016-2017,2016-11-05,Chelsea,Everton,5,0,1.94,0.01,H
2016-2017,2016-11-06,Leicester,West Bromwich Albion,1,2,0.63,0.78,A
2016-2017,2016-11-06,Swansea,Manchester United,1,3,0.51,1.0,A
2016-2017,2016-11-06,Arsenal,Tottenham,1,1,0.68,1.2,D
2016-2017,2016-11-06,Liverpool,Watford,6,1,4.18,0.77,H
2016-2017,2016-11-06,Hull,Southampton,2,1,0.56,2.03,H
2016-2017,2016-11-19,Crystal Palace,Manchester City,1,2,0.43,1.39,A
2016-2017,2016-11-19,Manchester United,Arsenal,1,1,0.51,0.58,D
2016-2017,2016-11-19,Southampton,Liverpool,0,0,0.09,1.69,D
2016-2017,2016-11-19,Stoke,Bournemouth,0,1,1.6,1.24,A
2016-2017,2016-11-19,Sunderland,Hull,3,0,0.95,1.25,H
2016-2017,2016-11-19,Watford,Leicester,2,1,0.72,1.2,H
2016-2017,2016-11-19,Everton,Swansea,1,1,1.55,1.07,D
2016-2017,2016-11-19,Tottenham,West Ham,3,2,2.53,1.77,H
2016-2017,2016-11-20,Middlesbrough,Chelsea,0,1,0.56,1.69,A
2016-2017,2016-11-22,West Bromwich Albion,Burnley,4,0,1.41,0.57,H
2016-2017,2016-11-26,Burnley,Manchester City,1,2,0.48,2.26,A
2016-2017,2016-11-26,Hull,West Bromwich Albion,1,1,0.42,1.4,D
2016-2017,2016-11-26,Swansea,Crystal Palace,5,4,3.4,2.28,H
2016-2017,2016-11-26,Liverpool,Sunderland,2,0,2.02,0.29,H
2016-2017,2016-11-26,Leicester,Middlesbrough,2,2,2.05,0.43,D
2016-2017,2016-11-26,Chelsea,Tottenham,2,1,1.25,0.42,H
2016-2017,2016-11-27,Watford,Stoke,0,1,0.54,0.7,A
2016-2017,2016-11-27,Arsenal,Bournemouth,3,1,2.87,2.05,H
2016-2017,2016-11-27,Southampton,Everton,1,0,2.81,0.62,H
2016-2017,2016-11-27,Manchester United,West Ham,1,1,1.44,0.75,D
2016-2017,2016-12-03,West Ham,Arsenal,1,5,0.88,2.97,A
2016-2017,2016-12-03,West Bromwich Albion,Watford,3,1,1.18,1.48,H
2016-2017,2016-12-03,Tottenham,Swansea,5,0,3.98,0.03,H
2016-2017,2016-12-03,Sunderland,Leicester,2,1,1.43,1.14,H
2016-2017,2016-12-03,Crystal Palace,Southampton,3,0,2.2,0.76,H
2016-2017,2016-12-03,Manchester City,Chelsea,1,3,2.24,1.28,A
2016-2017,2016-12-03,Stoke,Burnley,2,0,1.13,0.77,H
2016-2017,2016-12-04,Bournemouth,Liverpool,4,3,2.54,1.27,H
2016-2017,2016-12-04,Everton,Manchester United,1,1,1.65,0.54,D
2016-2017,2016-12-06,Middlesbrough,Hull,1,0,1.95,0.22,H
2016-2017,2016-12-10,Burnley,Bournemouth,3,2,2.15,1.0,H
2016-2017,2016-12-10,Leicester,Manchester City,4,2,2.61,0.97,H
2016-2017,2016-12-10,Arsenal,Stoke,3,1,1.58,1.29,H
2016-2017,2016-12-10,Watford,Everton,3,2,1.49,1.1,H
2016-2017,2016-12-10,Hull,Crystal Palace,3,3,2.17,1.5,D
2016-2017,2016-12-10,Swansea,Sunderland,3,0,2.18,0.67,H
2016-2017,2016-12-11,Chelsea,West Bromwich Albion,1,0,0.55,0.21,H
2016-2017,2016-12-11,Manchester United,Tottenham,1,0,1.05,0.72,H
2016-2017,2016-12-11,Southampton,Middlesbrough,1,0,1.73,0.49,H
2016-2017,2016-12-11,Liverpool,West Ham,2,2,1.79,0.65,D
2016-2017,2016-12-13,Bournemouth,Leicester,1,0,0.64,1.68,H
2016-2017,2016-12-13,Everton,Arsenal,2,1,1.46,1.35,H
2016-2017,2016-12-14,West Ham,Burnley,1,0,1.67,0.92,H
2016-2017,2016-12-14,Middlesbrough,Liverpool,0,3,0.16,2.14,A
2016-2017,2016-12-14,Sunderland,Chelsea,0,1,0.47,1.22,A
2016-2017,2016-12-15,Crystal Palace,Manchester United,1,2,0.71,1.27,A
2016-2017,2016-12-15,West Bromwich Albion,Swansea,3,1,1.78,1.07,H
2016-2017,2016-12-15,Manchester City,Watford,2,0,1.62,0.5,H
2016-2017,2016-12-15,Stoke,Southampton,0,0,0.33,0.72,D
2016-2017,2016-12-15,Tottenham,Hull,3,0,2.83,0.57,H
2016-2017,2016-12-17,Sunderland,Watford,1,0,1.14,1.08,H
2016-2017,2016-12-17,Stoke,Leicester,2,2,2.52,1.26,D
2016-2017,2016-12-17,West Bromwich Albion,Manchester United,0,2,0.6,0.98,A
2016-2017,2016-12-17,Middlesbrough,Swansea,3,0,1.72,0.6,H
2016-2017,2016-12-17,Crystal Palace,Chelsea,0,1,0.36,0.81,A
2016-2017,2016-12-17,West Ham,Hull,1,0,1.92,1.13,H
2016-2017,2016-12-18,Bournemouth,Southampton,1,3,0.49,1.69,A
2016-2017,2016-12-18,Manchester City,Arsenal,2,1,1.52,0.61,H
2016-2017,2016-12-18,Tottenham,Burnley,2,1,1.51,1.17,H
2016-2017,2016-12-20,Everton,Liverpool,0,1,0.46,1.88,A
2016-2017,2016-12-26,Hull,Manchester City,0,3,0.35,2.22,A
2016-2017,2016-12-26,Chelsea,Bournemouth,3,0,1.71,0.65,H
2016-2017,2016-12-26,Arsenal,West Bromwich Albion,1,0,1.98,0.69,H
2016-2017,2016-12-26,Burnley,Middlesbrough,1,0,0.28,0.7,H
2016-2017,2016-12-26,Swansea,West Ham,1,4,0.95,3.41,A
2016-2017,2016-12-26,Watford,Crystal Palace,1,1,0.96,1.54,D
2016-2017,2016-12-26,Leicester,Everton,0,2,0.38,1.26,A
2016-2017,2016-12-26,Manchester United,Sunderland,3,1,2.32,0.49,H
2016-2017,2016-12-27,Liverpool,Stoke,4,1,1.67,0.39,H
2016-2017,2016-12-28,Southampton,Tottenham,1,4,0.4,1.61,A
2016-2017,2016-12-31,Swansea,Bournemouth,0,3,0.52,2.44,A
2016-2017,2016-12-31,Hull,Everton,2,2,0.85,1.28,D
2016-2017,2016-12-31,Leicester,West Ham,1,0,1.11,1.58,H
2016-2017,2016-12-31,Manchester United,Middlesbrough,2,1,2.54,0.64,H
2016-2017,2016-12-31,Burnley,Sunderland,4,1,2.72,0.47,H
2016-2017,2016-12-31,Chelsea,Stoke,4,2,1.95,0.86,H
2016-2017,2016-12-31,Southampton,West Bromwich Albion,1,2,0.37,0.67,A
2016-2017,2016-12-31,Liverpool,Manchester City,1,0,0.26,0.35,H
2016-2017,2017-01-01,Arsenal,Crystal Palace,2,0,1.67,0.22,H
2016-2017,2017-01-01,Watford,Tottenham,1,4,1.26,3.07,A
2016-2017,2017-01-02,Everton,Southampton,3,0,2.35,1.01,H
2016-2017,2017-01-02,Manchester City,Burnley,2,1,0.62,0.64,H
2016-2017,2017-01-02,Middlesbrough,Leicester,0,0,0.7,0.48,D
2016-2017,2017-01-02,West Bromwich Albion,Hull,3,1,0.88,0.99,H
2016-2017,2017-01-02,Sunderland,Liverpool,2,2,1.91,2.33,D
2016-2017,2017-01-02,West Ham,Manchester United,0,2,0.8,1.65,A
2016-2017,2017-01-03,Bournemouth,Arsenal,3,3,1.56,1.13,D
2016-2017,2017-01-04,Stoke,Watford,2,0,1.85,0.51,H
2016-2017,2017-01-04,Crystal Palace,Swansea,1,2,0.33,1.19,A
2016-2017,2017-01-05,Tottenham,Chelsea,2,0,1.01,0.91,H
2016-2017,2017-01-14,Burnley,Southampton,1,0,0.46,0.96,H
2016-2017,2017-01-14,Hull,Bournemouth,3,1,1.19,1.43,H
2016-2017,2017-01-14,Swansea,Arsenal,0,4,0.49,2.32,A
2016-2017,2017-01-14,Tottenham,West Bromwich Albion,4,0,2.65,0.17,H
2016-2017,2017-01-14,Watford,Middlesbrough,0,0,0.84,0.33,D
2016-2017,2017-01-14,West Ham,Crystal Palace,3,0,1.72,1.06,H
2016-2017,2017-01-14,Sunderland,Stoke,1,3,1.14,1.23,A
2016-2017,2017-01-14,Leicester,Chelsea,0,3,0.18,0.74,A
2016-2017,2017-01-15,Everton,Manchester City,4,0,0.57,0.57,H
2016-2017,2017-01-15,Manchester United,Liverpool,1,1,1.03,1.46,D
2016-2017,2017-01-21,Manchester City,Tottenham,2,2,2.53,1.12,D
2016-2017,2017-01-21,West Bromwich Albion,Sunderland,2,0,1.33,0.44,H
2016-2017,2017-01-21,Stoke,Manchester United,1,1,0.35,1.74,D
2016-2017,2017-01-21,Liverpool,Swansea,2,3,1.24,1.6,A
2016-2017,2017-01-21,Bournemouth,Watford,2,2,1.15,1.09,D
2016-2017,2017-01-21,Middlesbrough,West Ham,1,3,0.96,2.66,A
2016-2017,2017-01-21,Crystal Palace,Everton,0,1,0.46,0.95,A
2016-2017,2017-01-22,Southampton,Leicester,3,0,2.5,0.94,H
2016-2017,2017-01-22,Arsenal,Burnley,2,1,1.86,1.3,H
2016-2017,2017-01-22,Chelsea,Hull,2,0,1.47,0.31,H
2016-2017,2017-01-31,Arsenal,Watford,1,2,1.08,0.92,A
2016-2017,2017-01-31,Bournemouth,Crystal Palace,0,2,0.32,1.61,A
2016-2017,2017-01-31,Burnley,Leicester,1,0,1.83,0.78,H
2016-2017,2017-01-31,Middlesbrough,West Bromwich Albion,1,1,1.18,1.25,D
2016-2017,2017-01-31,Sunderland,Tottenham,0,0,0.23,0.68,D
2016-2017,2017-01-31,Swansea,Southampton,2,1,0.76,0.91,H
2016-2017,2017-01-31,Liverpool,Chelsea,1,1,1.2,1.07,D
2016-2017,2017-02-01,Manchester United,Hull,0,0,1.48,0.4,D
2016-2017,2017-02-01,West Ham,Manchester City,0,4,0.49,2.66,A
2016-2017,2017-02-01,Stoke,Everton,1,1,1.74,0.87,D
2016-2017,2017-02-04,Tottenham,Middlesbrough,1,0,2.1,0.5,H
2016-2017,2017-02-04,Southampton,West Ham,1,3,1.06,0.92,A
2016-2017,2017-02-04,West Bromwich Albion,Stoke,1,0,1.85,1.11,H
2016-2017,2017-02-04,Watford,Burnley,2,1,1.66,1.48,H
2016-2017,2017-02-04,Everton,Bournemouth,6,3,2.76,2.15,H
2016-2017,2017-02-04,Crystal Palace,Sunderland,0,4,2.46,0.84,A
2016-2017,2017-02-04,Chelsea,Arsenal,3,1,1.95,0.95,H
2016-2017,2017-02-04,Hull,Liverpool,2,0,1.89,1.13,H
2016-2017,2017-02-05,Manchester City,Swansea,2,1,2.88,0.11,H
2016-2017,2017-02-05,Leicester,Manchester United,0,3,0.49,1.99,A
2016-2017,2017-02-11,West Ham,West Bromwich Albion,2,2,1.18,0.77,D
2016-2017,2017-02-11,Liverpool,Tottenham,2,0,2.38,0.62,H
2016-2017,2017-02-11,Sunderland,Southampton,0,4,0.2,1.73,A
2016-2017,2017-02-11,Middlesbrough,Everton,0,0,0.65,0.83,D
2016-2017,2017-02-11,Manchester United,Watford,2,0,2.63,0.64,H
2016-2017,2017-02-11,Arsenal,Hull,2,0,3.12,0.47,H
2016-2017,2017-02-11,Stoke,Crystal Palace,1,0,0.72,0.2,H
2016-2017,2017-02-12,Burnley,Chelsea,1,1,0.91,0.8,D
2016-2017,2017-02-12,Swansea,Leicester,2,0,0.69,0.67,H
2016-2017,2017-02-13,Bournemouth,Manchester City,0,2,0.15,2.95,A
2016-2017,2017-02-25,Hull,Burnley,1,1,1.59,0.47,D
2016-2017,2017-02-25,Everton,Sunderland,2,0,1.7,0.51,H
2016-2017,2017-02-25,West Bromwich Albion,Bournemouth,2,1,1.61,1.23,H
2016-2017,2017-02-25,Chelsea,Swansea,3,1,1.23,0.28,H
2016-2017,2017-02-25,Watford,West Ham,1,1,1.21,1.48,D
2016-2017,2017-02-25,Crystal Palace,Middlesbrough,1,0,0.81,0.83,H
2016-2017,2017-02-26,Tottenham,Stoke,4,0,1.89,0.74,H
2016-2017,2017-02-27,Leicester,Liverpool,3,1,1.55,0.79,H
2016-2017,2017-03-04,Manchester United,Bournemouth,1,1,2.54,0.82,D
2016-2017,2017-03-04,Leicester,Hull,3,1,1.81,1.12,H
2016-2017,2017-03-04,Stoke,Middlesbrough,2,0,2.98,0.27,H
2016-2017,2017-03-04,Swansea,Burnley,3,2,1.45,0.93,H
2016-2017,2017-03-04,Watford,Southampton,3,4,1.4,1.34,A
2016-2017,2017-03-04,West Bromwich Albion,Crystal Palace,0,2,0.37,1.39,A
2016-2017,2017-03-04,Liverpool,Arsenal,3,1,2.7,0.73,H
2016-2017,2017-03-05,Sunderland,Manchester City,0,2,0.74,2.48,A
2016-2017,2017-03-05,Tottenham,Everton,3,2,1.7,0.81,H
2016-2017,2017-03-06,West Ham,Chelsea,1,2,0.45,2.01,A
2016-2017,2017-03-08,Manchester City,Stoke,0,0,1.3,0.34,D
2016-2017,2017-03-11,Bournemouth,West Ham,3,2,3.68,1.25,H
2016-2017,2017-03-11,Everton,West Bromwich Albion,3,0,2.18,0.13,H
2016-2017,2017-03-11,Hull,Swansea,2,1,1.99,1.44,H
2016-2017,2017-03-12,Liverpool,Burnley,2,1,0.97,0.83,H
2016-2017,2017-03-18,Everton,Hull,4,0,2.63,0.53,H
2016-2017,2017-03-18,Crystal Palace,Watford,1,0,0.38,0.19,H
2016-2017,2017-03-18,Stoke,Chelsea,1,2,0.95,1.96,A
2016-2017,2017-03-18,Bournemouth,Swansea,2,0,1.01,0.38,H
2016-2017,2017-03-18,West Ham,Leicester,2,3,2.32,2.17,A
2016-2017,2017-03-18,West Bromwich Albion,Arsenal,3,1,2.12,1.0,H
2016-2017,2017-03-18,Sunderland,Burnley,0,0,1.03,1.19,D
2016-2017,2017-03-19,Manchester City,Liverpool,1,1,2.55,1.94,D
2016-2017,2017-03-19,Tottenham,Southampton,2,1,1.64,0.84,H
2016-2017,2017-03-19,Middlesbrough,Manchester United,1,3,1.09,2.47,A
2016-2017,2017-04-01,Watford,Sunderland,1,0,1.96,0.35,H
2016-2017,2017-04-01,Manchester United,West Bromwich Albion,0,0,0.99,0.2,D
2016-2017,2017-04-01,Southampton,Bournemouth,0,0,1.0,2.06,D
2016-2017,2017-04-01,Leicester,Stoke,2,0,1.97,1.37,H
2016-2017,2017-04-01,Burnley,Tottenham,0,2,0.45,2.36,A
2016-2017,2017-04-01,Chelsea,Crystal Palace,1,2,3.17,1.57,A
2016-2017,2017-04-01,Hull,West Ham,2,1,0.78,1.25,H
2016-2017,2017-04-01,Liverpool,Everton,3,1,0.63,1.44,H
2016-2017,2017-04-02,Swansea,Middlesbrough,0,0,0.64,0.75,D
2016-2017,2017-04-02,Arsenal,Manchester City,2,2,0.74,1.4,D
2016-2017,2017-04-04,Burnley,Stoke,1,0,0.35,1.17,H
2016-2017,2017-04-04,Watford,West Bromwich Albion,2,0,0.69,1.48,H
2016-2017,2017-04-04,Leicester,Sunderland,2,0,0.93,0.7,H
2016-2017,2017-04-04,Manchester United,Everton,1,1,1.67,0.59,D
2016-2017,2017-04-05,Liverpool,Bournemouth,2,2,2.17,1.31,D
2016-2017,2017-04-05,Chelsea,Manchester City,2,1,1.37,2.26,H
2016-2017,2017-04-05,Southampton,Crystal Palace,3,1,3.34,1.73,H
2016-2017,2017-04-05,Hull,Middlesbrough,4,2,2.23,1.31,H
2016-2017,2017-04-05,Arsenal,West Ham,3,0,2.16,0.3,H
2016-2017,2017-04-05,Swansea,Tottenham,1,3,0.87,2.22,A
2016-2017,2017-04-08,Tottenham,Watford,4,0,1.19,0.37,H
2016-2017,2017-04-08,Stoke,Liverpool,1,2,2.14,1.02,A
2016-2017,2017-04-08,West Bromwich Albion,Southampton,0,1,2.02,0.91,A
2016-2017,2017-04-08,West Ham,Swansea,1,0,1.21,0.31,H
2016-2017,2017-04-08,Middlesbrough,Burnley,0,0,0.68,0.81,D
2016-2017,2017-04-08,Manchester City,Hull,3,1,2.34,0.36,H
2016-2017,2017-04-08,Bournemouth,Chelsea,1,3,0.38,1.52,A
2016-2017,2017-04-09,Everton,Leicester,4,2,2.65,0.84,H
2016-2017,2017-04-09,Sunderland,Manchester United,0,3,0.98,1.69,A
2016-2017,2017-04-10,Crystal Palace,Arsenal,3,0,2.16,0.44,H
2016-2017,2017-04-15,Tottenham,Bournemouth,4,0,3.29,0.21,H
2016-2017,2017-04-15,Stoke,Hull,3,1,2.02,1.18,H
2016-2017,2017-04-15,Sunderland,West Ham,2,2,1.14,1.43,D
2016-2017,2017-04-15,Watford,Swansea,1,0,1.22,0.64,H
2016-2017,2017-04-15,Everton,Burnley,3,1,1.67,1.15,H
2016-2017,2017-04-15,Crystal Palace,Leicester,2,2,1.68,0.47,D
2016-2017,2017-04-15,Southampton,Manchester City,0,3,0.62,2.74,A
2016-2017,2017-04-16,Manchester United,Chelsea,2,0,0.81,0.13,H
2016-2017,2017-04-16,West Bromwich Albion,Liverpool,0,1,0.59,1.3,A
2016-2017,2017-04-17,Middlesbrough,Arsenal,1,2,1.72,1.07,A
2016-2017,2017-04-22,Bournemouth,Middlesbrough,4,0,3.28,0.21,H
2016-2017,2017-04-22,Hull,Watford,2,0,1.42,1.16,H
2016-2017,2017-04-22,Swansea,Stoke,2,0,0.48,1.69,H
2016-2017,2017-04-22,West Ham,Everton,0,0,0.67,0.1,D
2016-2017,2017-04-23,Burnley,Manchester United,0,2,0.34,2.25,A
2016-2017,2017-04-23,Liverpool,Crystal Palace,1,2,0.89,1.22,A
2016-2017,2017-04-25,Chelsea,Southampton,4,2,1.44,1.33,H
2016-2017,2017-04-26,Crystal Palace,Tottenham,0,1,0.32,1.01,A
2016-2017,2017-04-26,Arsenal,Leicester,1,0,0.41,0.6,H
2016-2017,2017-04-26,Middlesbrough,Sunderland,1,0,0.83,0.45,H
2016-2017,2017-04-27,Manchester City,Manchester United,0,0,1.42,0.42,D
2016-2017,2017-04-29,Southampton,Hull,0,0,1.25,0.47,D
2016-2017,2017-04-29,Stoke,West Ham,0,0,1.36,0.65,D
2016-2017,2017-04-29,Sunderland,Bournemouth,0,1,1.67,1.53,A
2016-2017,2017-04-29,West Bromwich Albion,Leicester,0,1,0.81,0.57,A
2016-2017,2017-04-29,Crystal Palace,Burnley,0,2,0.63,1.39,A
2016-2017,2017-04-30,Tottenham,Arsenal,2,0,3.46,0.59,H
2016-2017,2017-04-30,Middlesbrough,Manchester City,2,2,1.18,3.11,D
2016-2017,2017-04-30,Manchester United,Swansea,1,1,1.99,0.78,D
2016-2017,2017-04-30,Everton,Chelsea,0,3,0.68,1.82,A
2016-2017,2017-05-01,Watford,Liverpool,0,1,0.44,0.56,A
2016-2017,2017-05-05,West Ham,Tottenham,1,0,2.21,0.45,H
2016-2017,2017-05-06,Swansea,Everton,1,0,2.09,0.27,H
2016-2017,2017-05-06,Manchester City,Crystal Palace,5,0,2.7,0.24,H
2016-2017,2017-05-06,Bournemouth,Stoke,2,2,1.31,2.3,D
2016-2017,2017-05-06,Burnley,West Bromwich Albion,2,2,1.09,0.83,D
2016-2017,2017-05-06,Hull,Sunderland,0,2,1.22,1.96,A
2016-2017,2017-05-06,Leicester,Watford,3,0,1.01,0.51,H
2016-2017,2017-05-07,Arsenal,Manchester United,2,0,1.04,0.58,H
2016-2017,2017-05-07,Liverpool,Southampton,0,0,1.36,0.18,D
2016-2017,2017-05-08,Chelsea,Middlesbrough,3,0,2.28,0.07,H
2016-2017,2017-05-10,Southampton,Arsenal,0,2,1.25,1.36,A
2016-2017,2017-05-12,Everton,Watford,1,0,1.13,1.55,H
2016-2017,2017-05-12,West Bromwich Albion,Chelsea,0,1,0.53,1.77,A
2016-2017,2017-05-13,Sunderland,Swansea,0,2,1.04,0.34,A
2016-2017,2017-05-13,Middlesbrough,Southampton,1,2,1.33,1.53,A
2016-2017,2017-05-13,Stoke,Arsenal,1,4,1.3,2.64,A
2016-2017,2017-05-13,Manchester City,Leicester,2,1,1.99,1.63,H
2016-2017,2017-05-13,Bournemouth,Burnley,2,1,1.55,1.15,H
2016-2017,2017-05-14,Crystal Palace,Hull,4,0,2.73,0.52,H
2016-2017,2017-05-14,West Ham,Liverpool,0,4,1.04,3.29,A
2016-2017,2017-05-14,Tottenham,Manchester United,2,1,2.11,1.04,H
2016-2017,2017-05-15,Chelsea,Watford,4,3,2.65,0.88,H
2016-2017,2017-05-16,Arsenal,Sunderland,2,0,3.84,0.27,H
2016-2017,2017-05-16,Manchester City,West Bromwich Albion,3,1,2.58,0.39,H
2016-2017,2017-05-17,Southampton,Manchester United,0,0,1.67,0.46,D
2016-2017,2017-05-18,Leicester,Tottenham,1,6,0.73,2.65,A
2016-2017,2017-05-21,Manchester United,Crystal Palace,2,0,1.04,0.3,H
2016-2017,2017-05-21,Liverpool,Middlesbrough,3,0,2.17,0.9,H
2016-2017,2017-05-21,Southampton,Stoke,0,1,1.36,0.98,A
2016-2017,2017-05-21,Leicester,Bournemouth,1,1,2.45,0.87,D
2016-2017,2017-05-21,Swansea,West Bromwich Albion,2,1,1.75,1.61,H
2016-2017,2017-05-21,Chelsea,Sunderland,5,1,2.74,0.69,H
2016-2017,2017-05-21,Burnley,West Ham,1,2,1.71,1.67,A
2016-2017,2017-05-21,Arsenal,Everton,3,1,3.35,1.88,H
2016-2017,2017-05-21,Hull,Tottenham,1,7,0.81,3.89,A
2016-2017,2017-05-21,Watford,Manchester City,0,5,0.83,3.27,A
2017-2018,2017-08-11,Arsenal,Leicester,4,3,2.54,1.46,H
2017-2018,2017-08-12,Watford,Liverpool,3,3,2.18,2.62,D
2017-2018,2017-08-12,West Bromwich Albion,Bournemouth,1,0,1.18,0.38,H
2017-2018,2017-08-12,Southampton,Swansea,0,0,2.22,0.41,D
2017-2018,2017-08-12,Chelsea,Burnley,2,3,1.36,0.56,A
2017-2018,2017-08-12,Crystal Palace,Huddersfield,0,3,0.99,1.74,A
2017-2018,2017-08-12,Everton,Stoke,1,0,0.72,0.28,H
2017-2018,2017-08-12,Brighton,Manchester City,0,2,0.28,1.87,A
2017-2018,2017-08-13,Newcastle United,Tottenham,0,2,0.63,2.34,A
2017-2018,2017-08-13,Manchester United,West Ham,4,0,2.64,0.63,H
2017-2018,2017-08-19,Stoke,Arsenal,1,0,0.69,1.41,H
2017-2018,2017-08-19,Liverpool,Crystal Palace,1,0,2.85,0.73,H
2017-2018,2017-08-19,Leicester,Brighton,2,0,1.88,0.12,H
2017-2018,2017-08-19,Southampton,West Ham,3,2,2.14,1.53,H
2017-2018,2017-08-19,Bournemouth,Watford,0,2,0.77,2.18,A
2017-2018,2017-08-19,Swansea,Manchester United,0,4,0.3,3.41,A
2017-2018,2017-08-19,Burnley,West Bromwich Albion,0,1,1.37,0.65,A
2017-2018,2017-08-20,Huddersfield,Newcastle United,1,0,0.27,0.97,H
2017-2018,2017-08-20,Tottenham,Chelsea,1,2,0.72,0.83,A
2017-2018,2017-08-21,Manchester City,Everton,1,1,1.14,0.6,D
2017-2018,2017-08-26,Huddersfield,Southampton,0,0,1.52,0.8,D
2017-2018,2017-08-26,Manchester United,Leicester,2,0,2.74,0.67,H
2017-2018,2017-08-26,Watford,Brighton,0,0,0.28,0.95,D
2017-2018,2017-08-26,Crystal Palace,Swansea,0,2,0.82,0.97,A
2017-2018,2017-08-26,Bournemouth,Manchester City,1,2,0.42,1.77,A
2017-2018,2017-08-26,Newcastle United,West Ham,3,0,2.76,0.56,H
2017-2018,2017-08-27,Chelsea,Everton,2,0,1.17,0.33,H
2017-2018,2017-08-27,West Bromwich Albion,Stoke,1,1,0.88,0.98,D
2017-2018,2017-08-27,Tottenham,Burnley,1,1,2.35,0.67,D
2017-2018,2017-08-27,Liverpool,Arsenal,4,0,3.46,0.48,H
2017-2018,2017-09-09,Arsenal,Bournemouth,3,0,2.49,0.58,H
2017-2018,2017-09-09,Stoke,Manchester United,2,2,1.5,1.97,D
2017-2018,2017-09-09,Everton,Tottenham,0,3,1.15,2.18,A
2017-2018,2017-09-09,Brighton,West Bromwich Albion,3,1,0.4,0.87,H
2017-2018,2017-09-09,Leicester,Chelsea,1,2,1.35,1.04,A
2017-2018,2017-09-09,Southampton,Watford,0,2,0.33,0.58,A
2017-2018,2017-09-09,Manchester City,Liverpool,5,0,3.15,0.67,H
2017-2018,2017-09-10,Burnley,Crystal Palace,1,0,0.43,1.73,H
2017-2018,2017-09-10,Swansea,Newcastle United,0,1,1.49,1.03,A
2017-2018,2017-09-11,West Ham,Huddersfield,2,0,1.95,0.34,H
2017-2018,2017-09-15,Bournemouth,Brighton,2,1,1.4,0.87,H
2017-2018,2017-09-16,Watford,Manchester City,0,6,0.8,3.99,A
2017-2018,2017-09-16,Tottenham,Swansea,0,0,1.18,0.15,D
2017-2018,2017-09-16,Newcastle United,Stoke,2,1,2.66,0.68,H
2017-2018,2017-09-16,West Bromwich Albion,West Ham,0,0,0.78,0.27,D
2017-2018,2017-09-16,Huddersfield,Leicester,1,1,0.7,1.24,D
2017-2018,2017-09-16,Crystal Palace,Southampton,0,1,2.03,1.11,A
2017-2018,2017-09-16,Liverpool,Burnley,1,1,2.19,0.33,D
2017-2018,2017-09-17,Chelsea,Arsenal,0,0,0.76,1.42,D
2017-2018,2017-09-17,Manchester United,Everton,4,0,3.29,1.06,H
2017-2018,2017-09-23,Burnley,Huddersfield,0,0,0.37,0.31,D
2017-2018,2017-09-23,Manchester City,Crystal Palace,5,0,5.73,0.61,H
2017-2018,2017-09-23,Southampton,Manchester United,0,1,0.8,1.07,A
2017-2018,2017-09-23,Leicester,Liverpool,2,3,2.89,1.93,A
2017-2018,2017-09-23,Stoke,Chelsea,0,4,0.6,1.6,A
2017-2018,2017-09-23,West Ham,Tottenham,2,3,0.68,1.45,A
2017-2018,2017-09-23,Swansea,Watford,1,2,1.51,1.26,A
2017-2018,2017-09-23,Everton,Bournemouth,2,1,2.21,0.38,H
2017-2018,2017-09-24,Brighton,Newcastle United,1,0,0.51,1.37,H
2017-2018,2017-09-25,Arsenal,West Bromwich Albion,2,0,2.39,0.77,H
2017-2018,2017-09-30,Chelsea,Manchester City,0,1,0.91,1.23,A
2017-2018,2017-09-30,Huddersfield,Tottenham,0,4,0.2,1.56,A
2017-2018,2017-09-30,Manchester United,Crystal Palace,4,0,3.48,0.24,H
2017-2018,2017-09-30,Stoke,Southampton,2,1,2.68,1.43,H
2017-2018,2017-09-30,West Bromwich Albion,Watford,2,2,1.94,1.62,D
2017-2018,2017-09-30,West Ham,Swansea,1,0,0.69,0.18,H
2017-2018,2017-09-30,Bournemouth,Leicester,0,0,1.4,0.59,D
2017-2018,2017-10-01,Newcastle United,Liverpool,1,1,0.28,1.64,D
2017-2018,2017-10-01,Everton,Burnley,0,1,0.93,0.38,A
2017-2018,2017-10-01,Arsenal,Brighton,2,0,2.48,0.39,H
2017-2018,2017-10-14,Liverpool,Manchester United,0,0,1.93,0.23,D
2017-2018,2017-10-14,Burnley,West Ham,1,1,0.7,0.84,D
2017-2018,2017-10-14,Crystal Palace,Chelsea,2,1,1.52,0.65,H
2017-2018,2017-10-14,Manchester City,Stoke,7,2,4.45,0.68,H
2017-2018,2017-10-14,Swansea,Huddersfield,2,0,1.65,0.6,H
2017-2018,2017-10-14,Tottenham,Bournemouth,1,0,1.96,0.18,H
2017-2018,2017-10-14,Watford,Arsenal,2,1,1.63,0.99,H
2017-2018,2017-10-15,Brighton,Everton,1,1,1.06,1.46,D
2017-2018,2017-10-15,Southampton,Newcastle United,2,2,1.71,0.95,D
2017-2018,2017-10-16,Leicester,West Bromwich Albion,1,1,0.96,0.16,D
2017-2018,2017-10-20,West Ham,Brighton,0,3,0.57,1.98,A
2017-2018,2017-10-21,Huddersfield,Manchester United,2,1,1.27,0.81,H
2017-2018,2017-10-21,Manchester City,Burnley,3,0,3.72,0.15,H
2017-2018,2017-10-21,Newcastle United,Crystal Palace,1,0,0.27,0.57,H
2017-2018,2017-10-21,Stoke,Bournemouth,1,2,1.6,1.12,A
2017-2018,2017-10-21,Swansea,Leicester,1,2,0.56,1.81,A
2017-2018,2017-10-21,Southampton,West Bromwich Albion,1,0,2.02,0.5,H
2017-2018,2017-10-21,Chelsea,Watford,4,2,1.78,1.8,H
2017-2018,2017-10-22,Everton,Arsenal,2,5,0.81,3.86,A
2017-2018,2017-10-22,Tottenham,Liverpool,4,1,2.62,0.67,H
2017-2018,2017-10-28,Liverpool,Huddersfield,3,0,2.14,0.06,H
2017-2018,2017-10-28,Bournemouth,Chelsea,0,1,0.46,1.78,A
2017-2018,2017-10-28,Watford,Stoke,0,1,1.13,0.78,A
2017-2018,2017-10-28,Crystal Palace,West Ham,2,2,2.92,0.74,D
2017-2018,2017-10-28,West Bromwich Albion,Manchester City,2,3,1.12,2.77,A
2017-2018,2017-10-28,Arsenal,Swansea,2,1,2.38,0.84,H
2017-2018,2017-10-28,Manchester United,Tottenham,1,0,0.94,1.09,H
2017-2018,2017-10-29,Brighton,Southampton,1,1,1.51,0.54,D
2017-2018,2017-10-29,Leicester,Everton,2,0,1.37,0.58,H
2017-2018,2017-10-30,Burnley,Newcastle United,1,0,1.03,0.52,H
2017-2018,2017-11-04,West Ham,Liverpool,1,4,1.13,2.88,A
2017-2018,2017-11-04,Swansea,Brighton,0,1,1.25,0.87,A
2017-2018,2017-11-04,Southampton,Burnley,0,1,0.79,0.14,A
2017-2018,2017-11-04,Huddersfield,West Bromwich Albion,1,0,0.26,0.38,H
2017-2018,2017-11-04,Stoke,Leicester,2,2,1.23,1.4,D
2017-2018,2017-11-04,Newcastle United,Bournemouth,0,1,0.68,1.29,A
2017-2018,2017-11-05,Tottenham,Crystal Palace,1,0,0.99,1.1,H
2017-2018,2017-11-05,Manchester City,Arsenal,3,1,2.15,0.34,H
2017-2018,2017-11-05,Chelsea,Manchester United,1,0,1.84,0.77,H
2017-2018,2017-11-05,Everton,Watford,3,2,2.58,2.06,H
2017-2018,2017-11-18,Leicester,Manchester City,0,2,0.1,2.4,A
2017-2018,2017-11-18,Manchester United,Newcastle United,4,1,2.57,1.09,H
2017-2018,2017-11-18,Bournemouth,Huddersfield,4,0,1.39,1.16,H
2017-2018,2017-11-18,Crystal Palace,Everton,2,2,2.03,1.69,D
2017-2018,2017-11-18,Burnley,Swansea,2,0,1.54,0.43,H
2017-2018,2017-11-18,Liverpool,Southampton,3,0,2.06,0.56,H
2017-2018,2017-11-18,West Bromwich Albion,Chelsea,0,4,0.59,1.72,A
2017-2018,2017-11-18,Arsenal,Tottenham,2,0,2.24,0.59,H
2017-2018,2017-11-19,Watford,West Ham,2,0,1.25,1.43,H
2017-2018,2017-11-20,Brighton,Stoke,2,2,0.49,1.21,D
2017-2018,2017-11-24,West Ham,Leicester,1,1,0.78,0.45,D
2017-2018,2017-11-25,Liverpool,Chelsea,1,1,1.5,0.74,D
2017-2018,2017-11-25,Crystal Palace,Stoke,2,1,1.48,0.63,H
2017-2018,2017-11-25,Manchester United,Brighton,1,0,1.5,0.57,H
2017-2018,2017-11-25,Swansea,Bournemouth,0,0,0.88,0.45,D
2017-2018,2017-11-25,Tottenham,West Bromwich Albion,1,1,1.92,0.72,D
2017-2018,2017-11-25,Newcastle United,Watford,0,3,0.86,2.06,A
2017-2018,2017-11-26,Southampton,Everton,4,1,1.97,0.15,H
2017-2018,2017-11-26,Burnley,Arsenal,0,1,0.4,1.75,A
2017-2018,2017-11-26,Huddersfield,Manchester City,1,2,0.54,2.66,A
2017-2018,2017-11-28,Watford,Manchester United,2,4,1.29,1.63,A
2017-2018,2017-11-28,Leicester,Tottenham,2,1,0.92,2.51,H
2017-2018,2017-11-28,Brighton,Crystal Palace,0,0,0.48,0.58,D
2017-2018,2017-11-28,West Bromwich Albion,Newcastle United,2,2,0.85,1.13,D
2017-2018,2017-11-29,Stoke,Liverpool,0,3,0.85,2.59,A
2017-2018,2017-11-29,Manchester City,Southampton,2,1,1.65,1.71,H
2017-2018,2017-11-29,Everton,West Ham,4,0,1.76,1.04,H
2017-2018,2017-11-29,Chelsea,Swansea,1,0,2.3,0.04,H
2017-2018,2017-11-29,Arsenal,Huddersfield,5,0,4.48,0.48,H
2017-2018,2017-11-29,Bournemouth,Burnley,1,2,0.92,1.09,A
2017-2018,2017-12-02,Brighton,Liverpool,1,5,1.66,1.78,A
2017-2018,2017-12-02,West Bromwich Albion,Crystal Palace,0,0,1.65,0.81,D
2017-2018,2017-12-02,Watford,Tottenham,1,1,0.35,0.79,D
2017-2018,2017-12-02,Arsenal,Manchester United,1,3,4.24,2.07,A
2017-2018,2017-12-02,Leicester,Burnley,1,0,1.61,0.79,H
2017-2018,2017-12-02,Everton,Huddersfield,2,0,0.82,0.22,H
2017-2018,2017-12-02,Chelsea,Newcastle United,3,1,3.08,0.52,H
2017-2018,2017-12-02,Stoke,Swansea,2,1,1.25,0.32,H
2017-2018,2017-12-03,Bournemouth,Southampton,1,1,1.11,1.0,D
2017-2018,2017-12-03,Manchester City,West Ham,2,1,2.46,0.47,H
2017-2018,2017-12-09,Newcastle United,Leicester,2,3,0.96,0.44,A
2017-2018,2017-12-09,West Ham,Chelsea,1,0,0.42,1.19,H
2017-2018,2017-12-09,Tottenham,Stoke,5,1,4.02,0.75,H
2017-2018,2017-12-09,Swansea,West Bromwich Albion,1,0,1.01,0.25,H
2017-2018,2017-12-09,Burnley,Watford,1,0,0.49,0.82,H
2017-2018,2017-12-09,Crystal Palace,Bournemouth,2,2,4.61,0.96,D
2017-2018,2017-12-09,Huddersfield,Brighton,2,0,2.68,0.27,H
2017-2018,2017-12-10,Manchester United,Manchester City,1,2,1.44,2.03,A
2017-2018,2017-12-10,Liverpool,Everton,1,1,1.9,0.82,D
2017-2018,2017-12-10,Southampton,Arsenal,1,1,1.22,0.61,D
2017-2018,2017-12-12,Burnley,Stoke,1,0,0.36,0.92,H
2017-2018,2017-12-12,Huddersfield,Chelsea,1,3,0.48,1.87,A
2017-2018,2017-12-12,Crystal Palace,Watford,2,1,1.11,1.4,H
2017-2018,2017-12-13,Liverpool,West Bromwich Albion,0,0,2.14,0.52,D
2017-2018,2017-12-13,West Ham,Arsenal,0,0,0.41,1.02,D
2017-2018,2017-12-13,Manchester United,Bournemouth,1,0,1.24,0.82,H
2017-2018,2017-12-13,Tottenham,Brighton,2,0,1.87,0.32,H
2017-2018,2017-12-13,Newcastle United,Everton,0,1,0.57,1.39,A
2017-2018,2017-12-13,Swansea,Manchester City,0,4,0.59,3.57,A
2017-2018,2017-12-13,Southampton,Leicester,1,4,1.12,2.25,A
2017-2018,2017-12-16,Leicester,Crystal Palace,0,3,0.76,2.26,A
2017-2018,2017-12-16,Arsenal,Newcastle United,1,0,2.02,0.29,H
2017-2018,2017-12-16,Brighton,Burnley,0,0,1.49,1.33,D
2017-2018,2017-12-16,Chelsea,Southampton,1,0,1.29,0.59,H
2017-2018,2017-12-16,Watford,Huddersfield,1,4,0.59,3.49,A
2017-2018,2017-12-16,Stoke,West Ham,0,3,0.98,3.08,A
2017-2018,2017-12-16,Manchester City,Tottenham,4,1,4.15,0.18,H
2017-2018,2017-12-17,Bournemouth,Liverpool,0,4,0.54,3.25,A
2017-2018,2017-12-17,West Bromwich Albion,Manchester United,1,2,1.08,0.9,A
2017-2018,2017-12-18,Everton,Swansea,3,1,2.02,0.77,H
2017-2018,2017-12-22,Arsenal,Liverpool,3,3,1.13,2.06,D
2017-2018,2017-12-23,Manchester City,Bournemouth,4,0,1.56,0.33,H
2017-2018,2017-12-23,Southampton,Huddersfield,1,1,1.74,1.09,D
2017-2018,2017-12-23,Burnley,Tottenham,0,3,0.16,3.31,A
2017-2018,2017-12-23,Stoke,West Bromwich Albion,3,1,1.8,2.05,H
2017-2018,2017-12-23,Leicester,Manchester United,2,2,1.56,2.15,D
2017-2018,2017-12-23,West Ham,Newcastle United,2,3,2.32,1.91,A
2017-2018,2017-12-23,Everton,Chelsea,0,0,0.34,1.85,D
2017-2018,2017-12-23,Brighton,Watford,1,0,1.4,1.3,H
2017-2018,2017-12-23,Swansea,Crystal Palace,1,1,0.55,1.26,D
2017-2018,2017-12-26,Tottenham,Southampton,5,2,3.08,0.59,H
2017-2018,2017-12-26,Bournemouth,West Ham,3,3,2.85,1.88,D
2017-2018,2017-12-26,Chelsea,Brighton,2,0,2.17,0.45,H
2017-2018,2017-12-26,Huddersfield,Stoke,1,1,1.88,1.2,D
2017-2018,2017-12-26,Manchester United,Burnley,2,2,1.81,0.79,D
2017-2018,2017-12-26,Watford,Leicester,2,1,1.43,1.55,H
2017-2018,2017-12-26,West Bromwich Albion,Everton,0,0,1.18,0.41,D
2017-2018,2017-12-26,Liverpool,Swansea,5,0,3.06,0.27,H
2017-2018,2017-12-27,Newcastle United,Manchester City,0,1,0.17,1.93,A
2017-2018,2017-12-28,Crystal Palace,Arsenal,2,3,1.15,1.84,A
2017-2018,2017-12-30,Bournemouth,Everton,2,1,1.4,0.6,H
2017-2018,2017-12-30,Chelsea,Stoke,5,0,3.1,0.28,H
2017-2018,2017-12-30,Huddersfield,Burnley,0,0,0.05,1.21,D
2017-2018,2017-12-30,Liverpool,Leicester,2,1,2.57,0.79,H
2017-2018,2017-12-30,Newcastle United,Brighton,0,0,0.5,0.63,D
2017-2018,2017-12-30,Watford,Swansea,1,2,1.18,1.31,A
2017-2018,2017-12-30,Manchester United,Southampton,0,0,1.87,0.85,D
2017-2018,2017-12-31,Crystal Palace,Manchester City,0,0,1.72,1.1,D
2017-2018,2017-12-31,West Bromwich Albion,Arsenal,1,1,1.39,0.92,D
2017-2018,2018-01-01,Everton,Manchester United,0,2,1.24,1.26,A
2017-2018,2018-01-01,Stoke,Newcastle United,0,1,1.5,2.02,A
2017-2018,2018-01-01,Burnley,Liverpool,1,2,0.9,1.63,A
2017-2018,2018-01-01,Brighton,Bournemouth,2,2,2.37,1.28,D
2017-2018,2018-01-01,Leicester,Huddersfield,3,0,1.45,0.23,H
2017-2018,2018-01-02,West Ham,West Bromwich Albion,2,1,1.06,0.64,H
2017-2018,2018-01-02,Southampton,Crystal Palace,1,2,0.45,1.34,A
2017-2018,2018-01-02,Swansea,Tottenham,0,2,0.4,1.62,A
2017-2018,2018-01-02,Manchester City,Watford,3,1,2.77,0.97,H
2017-2018,2018-01-03,Arsenal,Chelsea,2,2,1.23,3.08,D
2017-2018,2018-01-04,Tottenham,West Ham,1,1,1.65,0.61,D
2017-2018,2018-01-13,Huddersfield,West Ham,1,4,0.68,0.99,A
2017-2018,2018-01-13,Tottenham,Everton,4,0,4.21,0.29,H
2017-2018,2018-01-13,West Bromwich Albion,Brighton,2,0,1.38,0.53,H
2017-2018,2018-01-13,Watford,Southampton,2,2,1.67,0.86,D
2017-2018,2018-01-13,Chelsea,Leicester,0,0,0.62,1.36,D
2017-2018,2018-01-13,Crystal Palace,Burnley,1,0,1.81,0.91,H
2017-2018,2018-01-13,Newcastle United,Swansea,1,1,1.83,0.9,D
2017-2018,2018-01-14,Liverpool,Manchester City,4,3,1.02,0.72,H
2017-2018,2018-01-14,Bournemouth,Arsenal,2,1,0.82,1.01,H
2017-2018,2018-01-15,Manchester United,Stoke,3,0,1.95,1.48,H
2017-2018,2018-01-20,West Ham,Bournemouth,1,1,0.98,0.5,D
2017-2018,2018-01-20,Manchester City,Newcastle United,3,1,2.55,0.99,H
2017-2018,2018-01-20,Stoke,Huddersfield,2,0,0.99,0.24,H
2017-2018,2018-01-20,Leicester,Watford,2,0,1.52,0.74,H
2017-2018,2018-01-20,Everton,West Bromwich Albion,1,1,0.92,1.35,D
2017-2018,2018-01-20,Burnley,Manchester United,0,1,0.57,0.86,A
2017-2018,2018-01-20,Arsenal,Crystal Palace,4,1,3.57,0.5,H
2017-2018,2018-01-20,Brighton,Chelsea,0,4,0.88,1.52,A
2017-2018,2018-01-21,Southampton,Tottenham,1,1,1.15,1.31,D
2017-2018,2018-01-22,Swansea,Liverpool,1,0,0.5,2.2,H
2017-2018,2018-01-30,West Ham,Crystal Palace,1,1,1.12,1.16,D
2017-2018,2018-01-30,Swansea,Arsenal,3,1,2.38,1.16,H
2017-2018,2018-01-30,Huddersfield,Liverpool,0,3,0.29,2.05,A
2017-2018,2018-01-31,Stoke,Watford,0,0,0.72,0.74,D
2017-2018,2018-01-31,Tottenham,Manchester United,2,0,2.01,0.82,H
2017-2018,2018-01-31,Manchester City,West Bromwich Albion,3,0,2.69,0.12,H
2017-2018,2018-01-31,Newcastle United,Burnley,1,1,2.52,1.23,D
2017-2018,2018-01-31,Southampton,Brighton,1,1,1.27,1.08,D
2017-2018,2018-01-31,Chelsea,Bournemouth,0,3,1.15,1.42,A
2017-2018,2018-01-31,Everton,Leicester,2,1,1.53,2.65,H
2017-2018,2018-02-03,West Bromwich Albion,Southampton,2,3,0.88,1.0,A
2017-2018,2018-02-03,Burnley,Manchester City,1,1,0.8,2.25,D
2017-2018,2018-02-03,Bournemouth,Stoke,2,1,1.91,0.72,H
2017-2018,2018-02-03,Brighton,West Ham,3,1,1.64,0.44,H
2017-2018,2018-02-03,Leicester,Swansea,1,1,1.48,0.57,D
2017-2018,2018-02-03,Manchester United,Huddersfield,2,0,1.63,0.13,H
2017-2018,2018-02-03,Arsenal,Everton,5,1,3.2,1.49,H
2017-2018,2018-02-04,Liverpool,Tottenham,2,2,1.29,2.54,D
2017-2018,2018-02-04,Crystal Palace,Newcastle United,1,1,3.0,1.14,D
2017-2018,2018-02-05,Watford,Chelsea,4,1,2.13,0.57,H
2017-2018,2018-02-10,Tottenham,Arsenal,1,0,2.64,0.49,H
2017-2018,2018-02-10,Everton,Crystal Palace,3,1,1.49,1.66,H
2017-2018,2018-02-10,Stoke,Brighton,1,1,1.4,0.9,D
2017-2018,2018-02-10,Swansea,Burnley,1,0,0.84,0.43,H
2017-2018,2018-02-10,West Ham,Watford,2,0,1.83,0.8,H
2017-2018,2018-02-10,Manchester City,Leicester,5,1,2.59,0.11,H
2017-2018,2018-02-11,Southampton,Liverpool,0,2,0.85,2.36,A
2017-2018,2018-02-11,Newcastle United,Manchester United,1,0,0.68,1.72,H
2017-2018,2018-02-11,Huddersfield,Bournemouth,4,1,2.57,0.43,H
2017-2018,2018-02-12,Chelsea,West Bromwich Albion,3,0,2.38,0.63,H
2017-2018,2018-02-24,Leicester,Stoke,1,1,1.12,0.17,D
2017-2018,2018-02-24,Bournemouth,Newcastle United,2,2,1.21,4.24,D
2017-2018,2018-02-24,Brighton,Swansea,4,1,3.29,0.44,H
2017-2018,2018-02-24,West Bromwich Albion,Huddersfield,1,2,1.5,1.18,A
2017-2018,2018-02-24,Liverpool,West Ham,4,1,3.92,0.34,H
2017-2018,2018-02-24,Burnley,Southampton,1,1,1.28,0.66,D
2017-2018,2018-02-24,Watford,Everton,1,0,0.61,0.67,H
2017-2018,2018-02-25,Manchester United,Chelsea,2,1,1.3,1.69,H
2017-2018,2018-02-25,Crystal Palace,Tottenham,0,1,0.18,1.65,A
2017-2018,2018-03-01,Arsenal,Manchester City,0,3,1.3,1.93,A
2017-2018,2018-03-03,Tottenham,Huddersfield,2,0,1.64,0.14,H
2017-2018,2018-03-03,Watford,West Bromwich Albion,1,0,1.24,1.09,H
2017-2018,2018-03-03,Liverpool,Newcastle United,2,0,1.57,0.26,H
2017-2018,2018-03-03,Southampton,Stoke,0,0,0.98,0.39,D
2017-2018,2018-03-03,Leicester,Bournemouth,1,1,2.98,1.4,D
2017-2018,2018-03-03,Swansea,West Ham,4,1,2.31,0.5,H
2017-2018,2018-03-03,Burnley,Everton,2,1,2.34,1.8,H
2017-2018,2018-03-04,Brighton,Arsenal,2,1,1.48,0.8,H
2017-2018,2018-03-04,Manchester City,Chelsea,1,0,0.95,0.12,H
2017-2018,2018-03-05,Crystal Palace,Manchester United,2,3,0.74,1.25,A
2017-2018,2018-03-10,West Ham,Burnley,0,3,0.73,1.42,A
2017-2018,2018-03-10,West Bromwich Albion,Leicester,1,4,0.36,1.87,A
2017-2018,2018-03-10,Newcastle United,Southampton,3,0,1.36,0.5,H
2017-2018,2018-03-10,Chelsea,Crystal Palace,2,1,3.88,1.14,H
2017-2018,2018-03-10,Everton,Brighton,2,0,1.69,0.32,H
2017-2018,2018-03-10,Manchester United,Liverpool,2,1,0.85,0.78,H
2017-2018,2018-03-10,Huddersfield,Swansea,0,0,1.39,0.0,D
2017-2018,2018-03-11,Arsenal,Watford,3,0,2.38,1.55,H
2017-2018,2018-03-11,Bournemouth,Tottenham,1,4,1.17,2.53,A
2017-2018,2018-03-12,Stoke,Manchester City,0,2,0.16,1.65,A
2017-2018,2018-03-17,Bournemouth,West Bromwich Albion,2,1,0.69,1.74,H
2017-2018,2018-03-17,Huddersfield,Crystal Palace,0,2,0.22,2.75,A
2017-2018,2018-03-17,Stoke,Everton,1,2,0.89,2.98,A
2017-2018,2018-03-17,Liverpool,Watford,5,0,1.81,0.35,H
2017-2018,2018-03-31,Watford,Bournemouth,2,2,0.76,2.11,D
2017-2018,2018-03-31,Everton,Manchester City,1,3,0.86,1.91,A
2017-2018,2018-03-31,West Bromwich Albion,Burnley,1,2,0.39,1.42,A
2017-2018,2018-03-31,Newcastle United,Huddersfield,1,0,2.54,0.28,H
2017-2018,2018-03-31,Manchester United,Swansea,2,0,2.14,0.14,H
2017-2018,2018-03-31,West Ham,Southampton,3,0,1.45,0.45,H
2017-2018,2018-03-31,Brighton,Leicester,0,2,1.6,1.27,A
2017-2018,2018-03-31,Crystal Palace,Liverpool,1,2,1.91,1.72,A
2017-2018,2018-04-01,Arsenal,Stoke,3,0,3.57,0.34,H
2017-2018,2018-04-01,Chelsea,Tottenham,1,3,1.21,1.39,A
2017-2018,2018-04-07,Manchester City,Manchester United,2,3,3.43,1.22,A
2017-2018,2018-04-07,Watford,Burnley,1,2,1.37,1.38,A
2017-2018,2018-04-07,Stoke,Tottenham,1,2,1.4,1.8,A
2017-2018,2018-04-07,West Bromwich Albion,Swansea,1,1,1.23,0.66,D
2017-2018,2018-04-07,Brighton,Huddersfield,1,1,1.53,1.49,D
2017-2018,2018-04-07,Bournemouth,Crystal Palace,2,2,2.09,1.15,D
2017-2018,2018-04-07,Everton,Liverpool,0,0,0.72,0.95,D
2017-2018,2018-04-07,Leicester,Newcastle United,1,2,1.09,0.29,A
2017-2018,2018-04-08,Arsenal,Southampton,3,2,1.59,2.17,H
2017-2018,2018-04-08,Chelsea,West Ham,1,1,2.12,0.3,D
2017-2018,2018-04-14,Tottenham,Manchester City,1,3,0.45,3.62,A
2017-2018,2018-04-14,Southampton,Chelsea,2,3,1.29,0.66,A
2017-2018,2018-04-14,Burnley,Leicester,2,1,1.06,2.0,H
2017-2018,2018-04-14,Crystal Palace,Brighton,3,2,2.5,1.54,H
2017-2018,2018-04-14,Huddersfield,Watford,1,0,0.93,0.31,H
2017-2018,2018-04-14,Swansea,Everton,1,1,1.2,1.61,D
2017-2018,2018-04-14,Liverpool,Bournemouth,3,0,2.64,0.54,H
2017-2018,2018-04-15,Manchester United,West Bromwich Albion,0,1,0.64,0.82,A
2017-2018,2018-04-15,Newcastle United,Arsenal,2,1,0.89,1.42,H
2017-2018,2018-04-16,West Ham,Stoke,1,1,0.81,1.41,D
2017-2018,2018-04-17,Brighton,Tottenham,1,1,0.99,1.36,D
2017-2018,2018-04-18,Bournemouth,Manchester United,0,2,1.18,1.62,A
2017-2018,2018-04-19,Burnley,Chelsea,1,2,0.22,1.77,A
2017-2018,2018-04-19,Leicester,Southampton,0,0,0.52,0.65,D
2017-2018,2018-04-21,West Bromwich Albion,Liverpool,2,2,1.4,1.64,D
2017-2018,2018-04-21,Watford,Crystal Palace,0,0,0.59,0.18,D
2017-2018,2018-04-22,Arsenal,West Ham,4,1,2.07,0.62,H
2017-2018,2018-04-22,Stoke,Burnley,1,1,0.36,1.61,D
2017-2018,2018-04-22,Manchester City,Swansea,5,0,3.42,0.3,H
2017-2018,2018-04-23,Everton,Newcastle United,1,0,0.95,0.48,H
2017-2018,2018-04-28,Swansea,Chelsea,0,1,0.5,1.45,A
2017-2018,2018-04-28,Southampton,Bournemouth,2,1,1.73,1.02,H
2017-2018,2018-04-28,Newcastle United,West Bromwich Albion,0,1,1.58,0.7,A
2017-2018,2018-04-28,Burnley,Brighton,0,0,1.55,0.38,D
2017-2018,2018-04-28,Crystal Palace,Leicester,5,0,2.79,0.94,H
2017-2018,2018-04-28,Liverpool,Stoke,0,0,2.12,0.78,D
2017-2018,2018-04-28,Huddersfield,Everton,0,2,0.57,0.94,A
2017-2018,2018-04-29,West Ham,Manchester City,1,4,0.23,2.29,A
2017-2018,2018-04-29,Manchester United,Arsenal,2,1,1.55,0.65,H
2017-2018,2018-04-30,Tottenham,Watford,2,0,1.77,1.37,H
2017-2018,2018-05-04,Brighton,Manchester United,1,0,0.92,0.65,H
2017-2018,2018-05-05,Bournemouth,Swansea,1,0,1.7,1.01,H
2017-2018,2018-05-05,Everton,Southampton,1,1,0.42,0.63,D
2017-2018,2018-05-05,West Bromwich Albion,Tottenham,1,0,1.22,0.97,H
2017-2018,2018-05-05,Leicester,West Ham,0,2,0.39,1.43,A
2017-2018,2018-05-05,Stoke,Crystal Palace,1,2,0.75,1.31,A
2017-2018,2018-05-05,Watford,Newcastle United,2,1,2.81,0.61,H
2017-2018,2018-05-06,Manchester City,Huddersfield,0,0,0.79,0.55,D
2017-2018,2018-05-06,Chelsea,Liverpool,1,0,0.81,0.43,H
2017-2018,2018-05-06,Arsenal,Burnley,5,0,2.92,0.22,H
2017-2018,2018-05-08,Swansea,Southampton,0,1,0.39,1.49,A
2017-2018,2018-05-09,Leicester,Arsenal,3,1,2.2,1.54,H
2017-2018,2018-05-09,Chelsea,Huddersfield,1,1,2.25,0.63,D
2017-2018,2018-05-09,Manchester City,Brighton,3,1,1.65,1.01,H
2017-2018,2018-05-09,Tottenham,Newcastle United,1,0,0.84,0.83,H
2017-2018,2018-05-10,West Ham,Manchester United,0,0,0.78,0.6,D
2017-2018,2018-05-13,Manchester United,Watford,1,0,0.46,0.65,H
2017-2018,2018-05-13,Liverpool,Brighton,4,0,3.51,0.04,H
2017-2018,2018-05-13,Huddersfield,Arsenal,0,1,1.31,2.33,A
2017-2018,2018-05-13,Crystal Palace,West Bromwich Albion,2,0,2.36,0.22,H
2017-2018,2018-05-13,Newcastle United,Chelsea,3,0,2.24,0.84,H
2017-2018,2018-05-13,Swansea,Stoke,1,2,1.71,1.75,A
2017-2018,2018-05-13,Tottenham,Leicester,5,4,1.83,1.27,H
2017-2018,2018-05-13,West Ham,Everton,3,1,1.18,1.68,H
2017-2018,2018-05-13,Burnley,Bournemouth,1,2,1.16,1.39,A
2017-2018,2018-05-13,Southampton,Manchester City,0,1,0.51,0.77,A
2018-2019,2018-08-10,Manchester United,Leicester,2,1,1.51,1.74,H
2018-2019,2018-08-11,Newcastle United,Tottenham,1,2,0.97,2.58,A
2018-2019,2018-08-11,Watford,Brighton,2,0,1.42,0.46,H
2018-2019,2018-08-11,Huddersfield,Chelsea,0,3,0.4,2.31,A
2018-2019,2018-08-11,Fulham,Crystal Palace,0,2,0.64,1.08,A
2018-2019,2018-08-11,Bournemouth,Cardiff,2,0,2.6,1.51,H
2018-2019,2018-08-11,Wolverhampton Wanderers,Everton,2,2,0.89,0.72,D
2018-2019,2018-08-12,Southampton,Burnley,0,0,1.02,1.41,D
2018-2019,2018-08-12,Liverpool,West Ham,4,0,4.34,0.4,H
2018-2019,2018-08-12,Arsenal,Manchester City,0,2,0.45,2.02,A
2018-2019,2018-08-18,Chelsea,Arsenal,3,2,1.72,2.46,H
2018-2019,2018-08-18,Everton,Southampton,2,1,2.02,1.77,H
2018-2019,2018-08-18,Leicester,Wolverhampton Wanderers,2,0,0.22,1.09,H
2018-2019,2018-08-18,West Ham,Bournemouth,1,2,1.1,1.69,A
2018-2019,2018-08-18,Cardiff,Newcastle United,0,0,1.16,1.55,D
2018-2019,2018-08-18,Tottenham,Fulham,3,1,3.27,1.44,H
2018-2019,2018-08-19,Manchester City,Huddersfield,6,1,4.6,0.66,H
2018-2019,2018-08-19,Burnley,Watford,1,3,0.39,1.92,A
2018-2019,2018-08-19,Brighton,Manchester United,3,2,1.64,1.57,H
2018-2019,2018-08-20,Crystal Palace,Liverpool,0,2,0.37,2.82,A
2018-2019,2018-08-25,Arsenal,West Ham,3,1,1.79,1.18,H
2018-2019,2018-08-25,Liverpool,Brighton,1,0,1.81,0.54,H
2018-2019,2018-08-25,Bournemouth,Everton,2,2,2.59,0.54,D
2018-2019,2018-08-25,Southampton,Leicester,1,2,0.54,0.52,A
2018-2019,2018-08-25,Wolverhampton Wanderers,Manchester City,1,1,1.26,1.84,D
2018-2019,2018-08-25,Huddersfield,Cardiff,0,0,0.2,1.06,D
2018-2019,2018-08-26,Watford,Crystal Palace,2,1,1.15,1.22,H
2018-2019,2018-08-26,Fulham,Burnley,4,2,1.92,1.57,H
2018-2019,2018-08-26,Newcastle United,Chelsea,1,2,0.21,1.5,A
2018-2019,2018-08-27,Manchester United,Tottenham,0,3,1.4,1.81,A
2018-2019,2018-09-01,Crystal Palace,Southampton,0,2,2.35,3.14,A
2018-2019,2018-09-01,Leicester,Liverpool,1,2,0.98,1.23,A
2018-2019,2018-09-01,West Ham,Wolverhampton Wanderers,0,1,0.89,1.22,A
2018-2019,2018-09-01,Everton,Huddersfield,1,1,0.62,0.66,D
2018-2019,2018-09-01,Chelsea,Bournemouth,2,0,1.16,0.95,H
2018-2019,2018-09-01,Brighton,Fulham,2,2,2.68,1.52,D
2018-2019,2018-09-01,Manchester City,Newcastle United,2,1,2.47,0.55,H
2018-2019,2018-09-02,Cardiff,Arsenal,2,3,0.77,1.41,A
2018-2019,2018-09-02,Burnley,Manchester United,0,2,1.1,2.9,A
2018-2019,2018-09-02,Watford,Tottenham,2,1,0.45,0.58,H
2018-2019,2018-09-15,Chelsea,Cardiff,4,1,2.67,0.83,H
2018-2019,2018-09-15,Watford,Manchester United,1,2,1.18,1.65,A
2018-2019,2018-09-15,Huddersfield,Crystal Palace,0,1,0.88,0.75,A
2018-2019,2018-09-15,Bournemouth,Leicester,4,2,2.23,1.83,H
2018-2019,2018-09-15,Newcastle United,Arsenal,1,2,0.41,0.9,A
2018-2019,2018-09-15,Manchester City,Fulham,3,0,4.92,0.34,H
2018-2019,2018-09-15,Tottenham,Liverpool,1,2,0.79,3.01,A
2018-2019,2018-09-16,Wolverhampton Wanderers,Burnley,1,0,3.39,0.21,H
2018-2019,2018-09-16,Everton,West Ham,1,3,1.27,1.52,A
2018-2019,2018-09-17,Southampton,Brighton,2,2,2.2,1.97,D
2018-2019,2018-09-22,Brighton,Tottenham,1,2,0.82,2.12,A
2018-2019,2018-09-22,Burnley,Bournemouth,4,0,2.29,0.98,H
2018-2019,2018-09-22,Cardiff,Manchester City,0,5,0.1,3.08,A
2018-2019,2018-09-22,Crystal Palace,Newcastle United,0,0,0.93,0.23,D
2018-2019,2018-09-22,Leicester,Huddersfield,3,1,1.8,0.69,H
2018-2019,2018-09-22,Liverpool,Southampton,3,0,1.78,0.31,H
2018-2019,2018-09-22,Manchester United,Wolverhampton Wanderers,1,1,0.62,1.12,D
2018-2019,2018-09-22,Fulham,Watford,1,1,1.77,1.76,D
2018-2019,2018-09-23,West Ham,Chelsea,0,0,1.02,1.88,D
2018-2019,2018-09-23,Arsenal,Everton,2,0,0.93,1.07,H
2018-2019,2018-09-29,Arsenal,Watford,2,0,1.57,2.62,H
2018-2019,2018-09-29,Everton,Fulham,3,0,2.32,0.54,H
2018-2019,2018-09-29,Huddersfield,Tottenham,0,2,0.34,2.34,A
2018-2019,2018-09-29,Chelsea,Liverpool,1,1,1.78,1.74,D
2018-2019,2018-09-29,Newcastle United,Leicester,0,2,0.4,1.34,A
2018-2019,2018-09-29,Wolverhampton Wanderers,Southampton,2,0,1.43,0.68,H
2018-2019,2018-09-29,West Ham,Manchester United,3,1,1.3,0.87,H
2018-2019,2018-09-29,Manchester City,Brighton,2,0,2.91,0.23,H
2018-2019,2018-09-30,Cardiff,Burnley,1,2,1.57,0.11,A
2018-2019,2018-10-01,Bournemouth,Crystal Palace,2,1,1.97,0.39,H
2018-2019,2018-10-05,Brighton,West Ham,1,0,1.03,1.44,H
2018-2019,2018-10-06,Watford,Bournemouth,0,4,1.07,3.28,A
2018-2019,2018-10-06,Tottenham,Cardiff,1,0,2.65,1.14,H
2018-2019,2018-10-06,Leicester,Everton,1,2,1.1,1.15,A
2018-2019,2018-10-06,Crystal Palace,Wolverhampton Wanderers,0,1,1.04,0.76,A
2018-2019,2018-10-06,Burnley,Huddersfield,1,1,0.35,1.03,D
2018-2019,2018-10-06,Manchester United,Newcastle United,3,2,2.41,1.56,H
2018-2019,2018-10-07,Liverpool,Manchester City,0,0,0.43,1.07,D
2018-2019,2018-10-07,Fulham,Arsenal,1,5,1.32,1.14,A
2018-2019,2018-10-07,Southampton,Chelsea,0,3,1.49,3.55,A
2018-2019,2018-10-20,Chelsea,Manchester United,2,2,2.21,1.11,D
2018-2019,2018-10-20,Wolverhampton Wanderers,Watford,0,2,0.47,1.07,A
2018-2019,2018-10-20,West Ham,Tottenham,0,1,0.54,1.12,A
2018-2019,2018-10-20,Newcastle United,Brighton,0,1,1.71,0.68,A
2018-2019,2018-10-20,Manchester City,Burnley,5,0,4.49,0.37,H
2018-2019,2018-10-20,Cardiff,Fulham,4,2,1.76,0.95,H
2018-2019,2018-10-20,Bournemouth,Southampton,0,0,0.84,0.59,D
2018-2019,2018-10-20,Huddersfield,Liverpool,0,1,0.64,0.66,A
2018-2019,2018-10-21,Everton,Crystal Palace,2,0,1.93,1.5,H
2018-2019,2018-10-22,Arsenal,Leicester,3,1,2.92,0.93,H
2018-2019,2018-10-27,Leicester,West Ham,1,1,1.95,1.56,D
2018-2019,2018-10-27,Watford,Huddersfield,3,0,2.3,0.48,H
2018-2019,2018-10-27,Southampton,Newcastle United,0,0,1.19,0.3,D
2018-2019,2018-10-27,Fulham,Bournemouth,0,3,0.38,2.11,A
2018-2019,2018-10-27,Liverpool,Cardiff,4,1,2.3,0.64,H
2018-2019,2018-10-27,Brighton,Wolverhampton Wanderers,1,0,1.01,1.38,H
2018-2019,2018-10-28,Crystal Palace,Arsenal,2,2,2.38,0.85,D
2018-2019,2018-10-28,Burnley,Chelsea,0,4,0.27,3.02,A
2018-2019,2018-10-28,Manchester United,Everton,2,1,2.51,1.67,H
2018-2019,2018-10-29,Tottenham,Manchester City,0,1,0.44,1.94,A
2018-2019,2018-11-03,Cardiff,Leicester,0,1,0.92,2.18,A
2018-2019,2018-11-03,Everton,Brighton,3,1,2.59,0.68,H
2018-2019,2018-11-03,Wolverhampton Wanderers,Tottenham,2,3,2.41,1.63,A
2018-2019,2018-11-03,West Ham,Burnley,4,2,2.56,0.88,H
2018-2019,2018-11-03,Bournemouth,Manchester United,1,2,1.93,3.29,A
2018-2019,2018-11-03,Newcastle United,Watford,1,0,0.69,2.55,H
2018-2019,2018-11-03,Arsenal,Liverpool,1,1,1.62,1.2,D
2018-2019,2018-11-04,Manchester City,Southampton,6,1,2.76,1.81,H
2018-2019,2018-11-04,Chelsea,Crystal Palace,3,1,1.89,0.45,H
2018-2019,2018-11-05,Huddersfield,Fulham,1,0,0.51,0.35,H
2018-2019,2018-11-10,Cardiff,Brighton,2,1,1.94,0.77,H
2018-2019,2018-11-10,Southampton,Watford,1,1,1.2,1.08,D
2018-2019,2018-11-10,Newcastle United,Bournemouth,2,1,2.58,1.92,H
2018-2019,2018-11-10,Leicester,Burnley,0,0,1.51,0.37,D
2018-2019,2018-11-10,Huddersfield,West Ham,1,1,1.18,1.44,D
2018-2019,2018-11-10,Crystal Palace,Tottenham,0,1,0.69,1.55,A
2018-2019,2018-11-11,Manchester City,Manchester United,3,1,2.03,0.97,H
2018-2019,2018-11-11,Arsenal,Wolverhampton Wanderers,1,1,0.97,1.87,D
2018-2019,2018-11-11,Chelsea,Everton,0,0,1.16,0.2,D
2018-2019,2018-11-11,Liverpool,Fulham,2,0,2.22,0.57,H
2018-2019,2018-11-24,West Ham,Manchester City,0,4,0.83,2.96,A
2018-2019,2018-11-24,Watford,Liverpool,0,3,0.67,1.45,A
2018-2019,2018-11-24,Manchester United,Crystal Palace,0,0,1.34,1.05,D
2018-2019,2018-11-24,Fulham,Southampton,3,2,1.39,1.67,H
2018-2019,2018-11-24,Everton,Cardiff,1,0,2.48,0.88,H
2018-2019,2018-11-24,Brighton,Leicester,1,1,0.86,1.13,D
2018-2019,2018-11-24,Tottenham,Chelsea,3,1,3.35,0.96,H
2018-2019,2018-11-25,Bournemouth,Arsenal,1,2,0.65,1.71,A
2018-2019,2018-11-25,Wolverhampton Wanderers,Huddersfield,0,2,0.7,0.63,A
2018-2019,2018-11-26,Burnley,Newcastle United,1,2,1.49,1.68,A
2018-2019,2018-11-30,Cardiff,Wolverhampton Wanderers,2,1,1.09,0.99,H
2018-2019,2018-12-01,Newcastle United,West Ham,0,3,1.13,2.63,A
2018-2019,2018-12-01,Manchester City,Bournemouth,3,1,2.84,0.72,H
2018-2019,2018-12-01,Leicester,Watford,2,0,1.42,1.2,H
2018-2019,2018-12-01,Huddersfield,Brighton,1,2,0.56,1.68,A
2018-2019,2018-12-01,Crystal Palace,Burnley,2,0,2.04,0.3,H
2018-2019,2018-12-01,Southampton,Manchester United,2,2,0.62,0.9,D
2018-2019,2018-12-02,Chelsea,Fulham,2,0,2.17,0.29,H
2018-2019,2018-12-02,Arsenal,Tottenham,4,2,2.71,1.09,H
2018-2019,2018-12-02,Liverpool,Everton,1,0,3.08,1.23,H
2018-2019,2018-12-04,Watford,Manchester City,1,2,1.67,2.52,A
2018-2019,2018-12-04,West Ham,Cardiff,3,1,1.57,1.93,H
2018-2019,2018-12-04,Brighton,Crystal Palace,3,1,1.25,1.53,H
2018-2019,2018-12-04,Bournemouth,Huddersfield,2,1,1.07,1.56,H
2018-2019,2018-12-05,Wolverhampton Wanderers,Chelsea,2,1,0.68,1.11,H
2018-2019,2018-12-05,Fulham,Leicester,1,1,1.48,1.22,D
2018-2019,2018-12-05,Burnley,Liverpool,1,3,1.06,2.74,A
2018-2019,2018-12-05,Everton,Newcastle United,1,1,2.11,1.52,D
2018-2019,2018-12-05,Manchester United,Arsenal,2,2,1.34,1.73,D
2018-2019,2018-12-05,Tottenham,Southampton,3,1,1.74,1.82,H
2018-2019,2018-12-08,Manchester United,Fulham,4,1,3.15,1.23,H
2018-2019,2018-12-08,Leicester,Tottenham,0,2,0.36,0.92,A
2018-2019,2018-12-08,Chelsea,Manchester City,2,0,0.53,0.74,H
2018-2019,2018-12-08,Arsenal,Huddersfield,1,0,2.02,0.31,H
2018-2019,2018-12-08,West Ham,Crystal Palace,3,2,1.54,0.93,H
2018-2019,2018-12-08,Cardiff,Southampton,1,0,1.56,0.5,H
2018-2019,2018-12-08,Bournemouth,Liverpool,0,4,0.28,1.81,A
2018-2019,2018-12-08,Burnley,Brighton,1,0,1.81,0.95,H
2018-2019,2018-12-09,Newcastle United,Wolverhampton Wanderers,1,2,0.46,1.58,A
2018-2019,2018-12-10,Everton,Watford,2,2,1.73,1.63,D
2018-2019,2018-12-15,Crystal Palace,Leicester,1,0,0.4,0.9,H
2018-2019,2018-12-15,Fulham,West Ham,0,2,1.03,0.75,A
2018-2019,2018-12-15,Huddersfield,Newcastle United,0,1,0.67,0.93,A
2018-2019,2018-12-15,Watford,Cardiff,3,2,1.65,0.49,H
2018-2019,2018-12-15,Wolverhampton Wanderers,Bournemouth,2,0,2.02,0.53,H
2018-2019,2018-12-15,Manchester City,Everton,3,1,1.8,1.62,H
2018-2019,2018-12-15,Tottenham,Burnley,1,0,1.75,0.45,H
2018-2019,2018-12-16,Southampton,Arsenal,3,2,1.21,1.86,H
2018-2019,2018-12-16,Brighton,Chelsea,1,2,0.26,1.61,A
2018-2019,2018-12-16,Liverpool,Manchester United,3,1,2.6,0.66,H
2018-2019,2018-12-21,Wolverhampton Wanderers,Liverpool,0,2,0.76,2.16,A
2018-2019,2018-12-22,Newcastle United,Fulham,0,0,0.29,0.25,D
2018-2019,2018-12-22,Arsenal,Burnley,3,1,1.47,1.03,H
2018-2019,2018-12-22,West Ham,Watford,0,2,2.07,2.33,A
2018-2019,2018-12-22,Manchester City,Crystal Palace,2,3,1.27,1.15,A
2018-2019,2018-12-22,Huddersfield,Southampton,1,3,1.0,2.6,A
2018-2019,2018-12-22,Chelsea,Leicester,0,1,2.4,0.46,A
2018-2019,2018-12-22,Bournemouth,Brighton,2,0,0.89,0.83,H
2018-2019,2018-12-22,Cardiff,Manchester United,1,5,1.27,2.73,A
2018-2019,2018-12-23,Everton,Tottenham,2,6,1.0,2.56,A
2018-2019,2018-12-26,Crystal Palace,Cardiff,0,0,2.43,1.06,D
2018-2019,2018-12-26,Burnley,Everton,1,5,1.89,1.89,A
2018-2019,2018-12-26,Leicester,Manchester City,2,1,1.56,1.35,H
2018-2019,2018-12-26,Brighton,Arsenal,1,1,1.39,0.79,D
2018-2019,2018-12-26,Manchester United,Huddersfield,3,1,1.8,1.41,H
2018-2019,2018-12-26,Tottenham,Bournemouth,5,0,2.23,1.22,H
2018-2019,2018-12-26,Fulham,Wolverhampton Wanderers,1,1,1.28,1.36,D
2018-2019,2018-12-26,Liverpool,Newcastle United,4,0,3.25,0.46,H
2018-2019,2018-12-26,Watford,Chelsea,1,2,1.24,2.2,A
2018-2019,2018-12-27,Southampton,West Ham,1,2,1.29,1.27,A
2018-2019,2018-12-29,Watford,Newcastle United,1,1,1.06,0.66,D
2018-2019,2018-12-29,Tottenham,Wolverhampton Wanderers,1,3,0.28,1.21,A
2018-2019,2018-12-29,Leicester,Cardiff,0,1,1.52,0.49,A
2018-2019,2018-12-29,Fulham,Huddersfield,1,0,1.72,0.28,H
2018-2019,2018-12-29,Brighton,Everton,1,0,1.6,0.66,H
2018-2019,2018-12-29,Liverpool,Arsenal,5,1,3.71,1.08,H
2018-2019,2018-12-30,Crystal Palace,Chelsea,0,1,0.2,0.74,A
2018-2019,2018-12-30,Southampton,Manchester City,1,3,0.22,2.97,A
2018-2019,2018-12-30,Burnley,West Ham,2,0,2.9,0.66,H
2018-2019,2018-12-30,Manchester United,Bournemouth,4,1,3.42,0.71,H
2018-2019,2019-01-01,Cardiff,Tottenham,0,3,1.08,1.38,A
2018-2019,2019-01-01,Arsenal,Fulham,4,1,4.43,1.71,H
2018-2019,2019-01-01,Everton,Leicester,0,1,0.87,0.64,A
2018-2019,2019-01-02,Wolverhampton Wanderers,Crystal Palace,0,2,0.66,1.95,A
2018-2019,2019-01-02,West Ham,Brighton,2,2,0.64,0.69,D
2018-2019,2019-01-02,Huddersfield,Burnley,1,2,0.62,2.66,A
2018-2019,2019-01-02,Chelsea,Southampton,0,0,0.85,0.16,D
2018-2019,2019-01-02,Bournemouth,Watford,3,3,2.85,0.98,D
2018-2019,2019-01-02,Newcastle United,Manchester United,0,2,0.69,2.68,A
2018-2019,2019-01-03,Manchester City,Liverpool,2,1,1.0,1.38,H
2018-2019,2019-01-12,Chelsea,Newcastle United,2,1,1.32,0.4,H
2018-2019,2019-01-12,Brighton,Liverpool,0,1,0.38,2.27,A
2018-2019,2019-01-12,Burnley,Fulham,2,1,0.81,0.9,H
2018-2019,2019-01-12,West Ham,Arsenal,1,0,0.67,0.69,H
2018-2019,2019-01-12,Crystal Palace,Watford,1,2,1.16,1.56,A
2018-2019,2019-01-12,Leicester,Southampton,1,2,1.76,1.42,A
2018-2019,2019-01-12,Cardiff,Huddersfield,0,0,0.12,0.39,D
2018-2019,2019-01-13,Everton,Bournemouth,2,0,1.78,1.53,H
2018-2019,2019-01-13,Tottenham,Manchester United,0,1,1.8,0.96,A
2018-2019,2019-01-14,Manchester City,Wolverhampton Wanderers,3,0,3.12,0.1,H
2018-2019,2019-01-19,Arsenal,Chelsea,2,0,2.09,0.76,H
2018-2019,2019-01-19,Bournemouth,West Ham,2,0,1.25,0.97,H
2018-2019,2019-01-19,Liverpool,Crystal Palace,4,3,2.83,0.7,H
2018-2019,2019-01-19,Manchester United,Brighton,2,1,2.64,0.64,H
2018-2019,2019-01-19,Southampton,Everton,2,1,1.06,1.31,H
2018-2019,2019-01-19,Watford,Burnley,0,0,1.07,1.97,D
2018-2019,2019-01-19,Wolverhampton Wanderers,Leicester,4,3,2.22,1.34,H
2018-2019,2019-01-19,Newcastle United,Cardiff,3,0,2.52,0.26,H
2018-2019,2019-01-20,Huddersfield,Manchester City,0,3,0.76,2.01,A
2018-2019,2019-01-20,Fulham,Tottenham,1,2,0.94,1.93,A
2018-2019,2019-01-29,Manchester United,Burnley,2,2,3.23,0.93,D
2018-2019,2019-01-29,Arsenal,Cardiff,2,1,2.69,0.6,H
2018-2019,2019-01-29,Newcastle United,Manchester City,2,1,0.99,1.34,H
2018-2019,2019-01-29,Huddersfield,Everton,0,1,0.73,1.06,A
2018-2019,2019-01-29,Wolverhampton Wanderers,West Ham,3,0,2.04,0.13,H
2018-2019,2019-01-29,Fulham,Brighton,4,2,3.46,2.37,H
2018-2019,2019-01-30,Bournemouth,Chelsea,4,0,2.15,0.72,H
2018-2019,2019-01-30,Southampton,Crystal Palace,1,1,1.33,1.53,D
2018-2019,2019-01-30,Tottenham,Watford,2,1,1.36,0.48,H
2018-2019,2019-01-30,Liverpool,Leicester,1,1,0.58,1.13,D
2018-2019,2019-02-02,Cardiff,Bournemouth,2,0,2.53,0.35,H
2018-2019,2019-02-02,Brighton,Watford,0,0,1.84,0.28,D
2018-2019,2019-02-02,Burnley,Southampton,1,1,2.0,0.79,D
2018-2019,2019-02-02,Chelsea,Huddersfield,5,0,2.94,0.26,H
2018-2019,2019-02-02,Crystal Palace,Fulham,2,0,2.2,0.56,H
2018-2019,2019-02-02,Everton,Wolverhampton Wanderers,1,3,1.36,1.86,A
2018-2019,2019-02-02,Tottenham,Newcastle United,1,0,3.1,0.4,H
2018-2019,2019-02-03,Leicester,Manchester United,0,1,1.4,1.5,A
2018-2019,2019-02-03,Manchester City,Arsenal,3,1,3.03,0.7,H
2018-2019,2019-02-04,West Ham,Liverpool,1,1,0.79,1.12,D
2018-2019,2019-02-06,Everton,Manchester City,0,2,0.11,2.61,A
2018-2019,2019-02-09,Huddersfield,Arsenal,1,2,1.97,1.47,A
2018-2019,2019-02-09,Liverpool,Bournemouth,3,0,2.53,0.39,H
2018-2019,2019-02-09,Southampton,Cardiff,1,2,1.71,0.98,A
2018-2019,2019-02-09,Brighton,Burnley,1,3,1.32,1.83,A
2018-2019,2019-02-09,Crystal Palace,West Ham,1,1,2.68,1.75,D
2018-2019,2019-02-09,Fulham,Manchester United,0,3,2.19,2.13,A
2018-2019,2019-02-09,Watford,Everton,1,0,1.53,0.64,H
2018-2019,2019-02-10,Tottenham,Leicester,3,1,1.21,3.02,H
2018-2019,2019-02-10,Manchester City,Chelsea,6,0,4.04,0.9,H
2018-2019,2019-02-11,Wolverhampton Wanderers,Newcastle United,1,1,2.31,0.44,D
2018-2019,2019-02-22,West Ham,Fulham,3,1,2.73,1.24,H
2018-2019,2019-02-22,Cardiff,Watford,1,5,1.9,2.76,A
2018-2019,2019-02-23,Burnley,Tottenham,2,1,1.09,0.85,H
2018-2019,2019-02-23,Newcastle United,Huddersfield,2,0,3.03,0.13,H
2018-2019,2019-02-23,Bournemouth,Wolverhampton Wanderers,1,1,2.13,1.2,D
2018-2019,2019-02-23,Leicester,Crystal Palace,1,4,0.95,1.58,A
2018-2019,2019-02-24,Arsenal,Southampton,2,0,2.35,0.61,H
2018-2019,2019-02-24,Manchester United,Liverpool,0,0,0.47,0.38,D
2018-2019,2019-02-26,Leicester,Brighton,2,1,1.92,1.21,H
2018-2019,2019-02-26,Huddersfield,Wolverhampton Wanderers,1,0,1.46,0.57,H
2018-2019,2019-02-26,Cardiff,Everton,0,3,0.22,1.14,A
2018-2019,2019-02-26,Newcastle United,Burnley,2,0,1.7,1.74,H
2018-2019,2019-02-27,Arsenal,Bournemouth,5,1,3.19,0.89,H
2018-2019,2019-02-27,Southampton,Fulham,2,0,1.16,0.8,H
2018-2019,2019-02-27,Crystal Palace,Manchester United,1,3,1.69,1.54,A
2018-2019,2019-02-27,Chelsea,Tottenham,2,0,0.63,0.72,H
2018-2019,2019-02-27,Manchester City,West Ham,1,0,3.68,0.4,H
2018-2019,2019-02-27,Liverpool,Watford,5,0,2.74,0.63,H
2018-2019,2019-03-02,Brighton,Huddersfield,1,0,1.4,0.2,H
2018-2019,2019-03-02,West Ham,Newcastle United,2,0,1.89,1.19,H
2018-2019,2019-03-02,Burnley,Crystal Palace,1,3,1.91,0.71,A
2018-2019,2019-03-02,Bournemouth,Manchester City,0,1,0.0,1.6,A
2018-2019,2019-03-02,Wolverhampton Wanderers,Cardiff,2,0,3.21,0.7,H
2018-2019,2019-03-02,Manchester United,Southampton,3,2,2.54,0.58,H
2018-2019,2019-03-02,Tottenham,Arsenal,1,1,1.77,3.46,D
2018-2019,2019-03-03,Watford,Leicester,2,1,1.37,0.79,H
2018-2019,2019-03-03,Fulham,Chelsea,1,2,0.9,1.54,A
2018-2019,2019-03-03,Everton,Liverpool,0,0,0.24,0.81,D
2018-2019,2019-03-09,Manchester City,Watford,3,1,3.76,0.41,H
2018-2019,2019-03-09,Huddersfield,Bournemouth,0,2,0.34,2.16,A
2018-2019,2019-03-09,Leicester,Fulham,3,1,2.13,0.15,H
2018-2019,2019-03-09,Cardiff,West Ham,2,0,3.49,0.3,H
2018-2019,2019-03-09,Southampton,Tottenham,2,1,2.08,1.27,H
2018-2019,2019-03-09,Crystal Palace,Brighton,1,2,1.44,0.13,A
2018-2019,2019-03-09,Newcastle United,Everton,3,2,2.38,1.15,H
2018-2019,2019-03-10,Liverpool,Burnley,4,2,4.12,0.47,H
2018-2019,2019-03-10,Chelsea,Wolverhampton Wanderers,1,1,1.05,0.61,D
2018-2019,2019-03-10,Arsenal,Manchester United,2,0,1.53,2.37,H
2018-2019,2019-03-16,West Ham,Huddersfield,4,3,1.88,1.67,H
2018-2019,2019-03-16,Burnley,Leicester,1,2,1.17,0.61,A
2018-2019,2019-03-16,Bournemouth,Newcastle United,2,2,1.62,1.03,D
2018-2019,2019-03-17,Fulham,Liverpool,1,2,0.92,2.73,A
2018-2019,2019-03-17,Everton,Chelsea,2,0,2.24,1.24,H
2018-2019,2019-03-30,Brighton,Southampton,0,1,0.56,0.86,A
2018-2019,2019-03-30,West Ham,Everton,0,2,0.09,2.66,A
2018-2019,2019-03-30,Burnley,Wolverhampton Wanderers,2,0,0.57,0.4,H
2018-2019,2019-03-30,Manchester United,Watford,2,1,1.98,1.35,H
2018-2019,2019-03-30,Leicester,Bournemouth,2,0,1.89,0.79,H
2018-2019,2019-03-30,Fulham,Manchester City,0,2,0.66,2.32,A
2018-2019,2019-03-30,Crystal Palace,Huddersfield,2,0,2.85,0.93,H
2018-2019,2019-03-31,Cardiff,Chelsea,1,2,0.45,2.08,A
2018-2019,2019-03-31,Liverpool,Tottenham,2,1,1.09,1.05,H
2018-2019,2019-04-01,Arsenal,Newcastle United,2,0,1.04,0.04,H
2018-2019,2019-04-02,Wolverhampton Wanderers,Manchester United,2,1,1.65,2.04,H
2018-2019,2019-04-02,Watford,Fulham,4,1,1.59,1.91,H
2018-2019,2019-04-03,Manchester City,Cardiff,2,0,3.54,0.14,H
2018-2019,2019-04-03,Tottenham,Crystal Palace,2,0,2.57,0.56,H
2018-2019,2019-04-03,Chelsea,Brighton,3,0,3.12,0.44,H
2018-2019,2019-04-05,Southampton,Liverpool,1,3,0.72,2.01,A
2018-2019,2019-04-06,Newcastle United,Crystal Palace,0,1,0.94,0.91,A
2018-2019,2019-04-06,Huddersfield,Leicester,1,4,1.62,3.62,A
2018-2019,2019-04-06,Bournemouth,Burnley,1,3,1.21,1.39,A
2018-2019,2019-04-07,Everton,Arsenal,1,0,2.69,0.2,H
2018-2019,2019-04-08,Chelsea,West Ham,2,0,2.23,0.47,H
2018-2019,2019-04-12,Leicester,Newcastle United,0,1,0.88,0.95,A
2018-2019,2019-04-13,Brighton,Bournemouth,0,5,0.21,2.77,A
2018-2019,2019-04-13,Burnley,Cardiff,2,0,2.84,0.87,H
2018-2019,2019-04-13,Manchester United,West Ham,2,1,2.65,1.43,H
2018-2019,2019-04-13,Southampton,Wolverhampton Wanderers,3,1,3.81,0.64,H
2018-2019,2019-04-13,Fulham,Everton,2,0,1.66,1.29,H
2018-2019,2019-04-13,Tottenham,Huddersfield,4,0,2.79,0.98,H
2018-2019,2019-04-14,Crystal Palace,Manchester City,1,3,0.32,2.86,A
2018-2019,2019-04-14,Liverpool,Chelsea,2,0,1.31,0.87,H
2018-2019,2019-04-15,Watford,Arsenal,0,1,1.13,2.27,A
2018-2019,2019-04-16,Brighton,Cardiff,0,2,0.59,0.82,A
2018-2019,2019-04-20,Newcastle United,Southampton,3,1,1.23,1.27,H
2018-2019,2019-04-20,Huddersfield,Watford,1,2,1.09,1.08,A
2018-2019,2019-04-20,Bournemouth,Fulham,0,1,2.84,2.62,A
2018-2019,2019-04-20,Wolverhampton Wanderers,Brighton,0,0,2.6,0.12,D
2018-2019,2019-04-20,Manchester City,Tottenham,1,0,2.06,1.2,H
2018-2019,2019-04-20,West Ham,Leicester,2,2,1.37,0.81,D
2018-2019,2019-04-21,Everton,Manchester United,4,0,1.52,0.31,H
2018-2019,2019-04-21,Cardiff,Liverpool,0,2,1.12,2.42,A
2018-2019,2019-04-21,Arsenal,Crystal Palace,2,3,1.54,2.56,A
2018-2019,2019-04-22,Chelsea,Burnley,2,2,1.28,0.79,D
2018-2019,2019-04-23,Watford,Southampton,1,1,1.27,2.12,D
2018-2019,2019-04-23,Tottenham,Brighton,1,0,1.0,0.14,H
2018-2019,2019-04-24,Wolverhampton Wanderers,Arsenal,3,1,0.98,0.94,H
2018-2019,2019-04-24,Manchester United,Manchester City,0,2,0.51,0.53,A
2018-2019,2019-04-26,Liverpool,Huddersfield,5,0,3.59,0.16,H
2018-2019,2019-04-27,Crystal Palace,Everton,0,0,0.26,1.15,D
2018-2019,2019-04-27,Brighton,Newcastle United,1,1,1.2,0.44,D
2018-2019,2019-04-27,Fulham,Cardiff,1,0,0.52,1.11,H
2018-2019,2019-04-27,Watford,Wolverhampton Wanderers,1,2,0.9,2.44,A
2018-2019,2019-04-27,Tottenham,West Ham,0,1,1.35,0.99,A
2018-2019,2019-04-27,Southampton,Bournemouth,3,3,2.74,2.62,D
2018-2019,2019-04-28,Leicester,Arsenal,3,0,3.68,0.6,H
2018-2019,2019-04-28,Burnley,Manchester City,0,1,0.09,2.35,A
2018-2019,2019-04-28,Manchester United,Chelsea,1,1,1.12,1.63,D
2018-2019,2019-05-03,Everton,Burnley,2,0,1.76,0.47,H
2018-2019,2019-05-04,Bournemouth,Tottenham,1,0,2.23,0.71,H
2018-2019,2019-05-04,Wolverhampton Wanderers,Fulham,1,0,2.09,0.51,H
2018-2019,2019-05-04,West Ham,Southampton,3,0,2.0,0.44,H
2018-2019,2019-05-04,Cardiff,Crystal Palace,2,3,1.5,1.81,A
2018-2019,2019-05-04,Newcastle United,Liverpool,2,3,1.3,1.48,A
2018-2019,2019-05-05,Arsenal,Brighton,1,1,2.36,1.91,D
2018-2019,2019-05-05,Huddersfield,Manchester United,1,1,0.74,1.88,D
2018-2019,2019-05-05,Chelsea,Watford,3,0,2.96,1.27,H
2018-2019,2019-05-06,Manchester City,Leicester,1,0,1.09,0.54,H
2018-2019,2019-05-12,Burnley,Arsenal,1,3,1.73,2.87,A
2018-2019,2019-05-12,Watford,West Ham,1,4,2.07,3.2,A
2018-2019,2019-05-12,Tottenham,Everton,2,2,0.88,2.07,D
2018-2019,2019-05-12,Southampton,Huddersfield,1,1,0.94,0.86,D
2018-2019,2019-05-12,Manchester United,Cardiff,0,2,1.9,1.71,A
2018-2019,2019-05-12,Liverpool,Wolverhampton Wanderers,2,0,1.7,0.88,H
2018-2019,2019-05-12,Leicester,Chelsea,0,0,0.35,1.27,D
2018-2019,2019-05-12,Fulham,Newcastle United,0,4,0.57,1.96,A
2018-2019,2019-05-12,Crystal Palace,Bournemouth,5,3,2.86,1.9,H
2018-2019,2019-05-12,Brighton,Manchester City,1,4,0.6,2.22,A
2019-2020,2019-08-09,Liverpool,Norwich,4,1,2.23,0.84,H
2019-2020,2019-08-10,West Ham,Manchester City,0,5,1.2,3.18,A
2019-2020,2019-08-10,Bournemouth,Sheffield United,1,1,1.34,1.6,D
2019-2020,2019-08-10,Burnley,Southampton,3,0,0.91,1.09,H
2019-2020,2019-08-10,Crystal Palace,Everton,0,0,0.87,1.22,D
2019-2020,2019-08-10,Watford,Brighton,0,3,0.67,0.86,A
2019-2020,2019-08-10,Tottenham,Aston Villa,3,1,2.57,0.64,H
2019-2020,2019-08-11,Newcastle United,Arsenal,0,1,0.38,1.13,A
2019-2020,2019-08-11,Leicester,Wolverhampton Wanderers,0,0,0.54,0.81,D
2019-2020,2019-08-11,Manchester United,Chelsea,4,0,2.37,1.1,H
2019-2020,2019-08-17,Manchester City,Tottenham,2,2,3.2,0.07,D
2019-2020,2019-08-17,Southampton,Liverpool,1,2,2.14,1.52,A
2019-2020,2019-08-17,Norwich,Newcastle United,3,1,2.1,0.92,H
2019-2020,2019-08-17,Aston Villa,Bournemouth,1,2,1.65,1.63,A
2019-2020,2019-08-17,Brighton,West Ham,1,1,2.4,1.01,D
2019-2020,2019-08-17,Arsenal,Burnley,2,1,1.16,1.39,H
2019-2020,2019-08-17,Everton,Watford,1,0,0.83,1.17,H
2019-2020,2019-08-18,Sheffield United,Crystal Palace,1,0,1.85,0.24,H
2019-2020,2019-08-18,Chelsea,Leicester,1,1,1.23,0.95,D
2019-2020,2019-08-19,Wolverhampton Wanderers,Manchester United,1,1,0.31,1.14,D
2019-2020,2019-08-23,Aston Villa,Everton,2,0,0.86,1.26,H
2019-2020,2019-08-24,Manchester United,Crystal Palace,1,2,2.24,0.68,A
2019-2020,2019-08-24,Liverpool,Arsenal,3,1,2.79,0.99,H
2019-2020,2019-08-24,Watford,West Ham,1,3,2.29,3.46,A
2019-2020,2019-08-24,Norwich,Chelsea,2,3,1.08,1.89,A
2019-2020,2019-08-24,Sheffield United,Leicester,1,2,0.65,0.7,A
2019-2020,2019-08-24,Brighton,Southampton,0,2,1.0,2.08,A
2019-2020,2019-08-25,Bournemouth,Manchester City,1,3,1.89,3.13,A
2019-2020,2019-08-25,Wolverhampton Wanderers,Burnley,1,1,1.33,1.23,D
2019-2020,2019-08-25,Tottenham,Newcastle United,0,1,1.26,0.51,A
2019-2020,2019-08-31,Burnley,Liverpool,0,3,0.62,1.2,A
2019-2020,2019-08-31,Newcastle United,Watford,1,1,1.04,1.11,D
2019-2020,2019-08-31,Manchester City,Brighton,4,0,2.31,0.86,H
2019-2020,2019-08-31,Leicester,Bournemouth,3,1,2.24,0.55,H
2019-2020,2019-08-31,Crystal Palace,Aston Villa,1,0,1.41,0.3,H
2019-2020,2019-08-31,West Ham,Norwich,2,0,2.21,1.17,H
2019-2020,2019-08-31,Southampton,Manchester United,1,1,0.77,1.9,D
2019-2020,2019-08-31,Chelsea,Sheffield United,2,2,2.31,1.05,D
2019-2020,2019-09-01,Everton,Wolverhampton Wanderers,3,2,1.49,2.0,H
2019-2020,2019-09-01,Arsenal,Tottenham,2,2,1.93,1.96,D
2019-2020,2019-09-14,Tottenham,Crystal Palace,4,0,1.05,0.58,H
2019-2020,2019-09-14,Wolverhampton Wanderers,Chelsea,2,5,1.49,3.07,A
2019-2020,2019-09-14,Sheffield United,Southampton,0,1,1.88,1.58,A
2019-2020,2019-09-14,Norwich,Manchester City,3,2,1.74,2.34,H
2019-2020,2019-09-14,Manchester United,Leicester,1,0,1.1,0.46,H
2019-2020,2019-09-14,Liverpool,Newcastle United,3,1,2.93,0.29,H
2019-2020,2019-09-14,Brighton,Burnley,1,1,1.69,0.34,D
2019-2020,2019-09-15,Bournemouth,Everton,3,1,1.42,1.51,H
2019-2020,2019-09-15,Watford,Arsenal,2,2,2.83,1.01,D
2019-2020,2019-09-16,Aston Villa,West Ham,0,0,1.41,0.54,D
2019-2020,2019-09-20,Southampton,Bournemouth,1,3,2.18,1.3,A
2019-2020,2019-09-21,Everton,Sheffield United,0,2,1.26,0.51,A
2019-2020,2019-09-21,Burnley,Norwich,2,0,2.39,0.8,H
2019-2020,2019-09-21,Newcastle United,Brighton,0,0,1.1,1.22,D
2019-2020,2019-09-21,Leicester,Tottenham,2,1,1.29,1.34,H
2019-2020,2019-09-21,Manchester City,Watford,8,0,6.63,0.34,H
2019-2020,2019-09-22,Crystal Palace,Wolverhampton Wanderers,1,1,0.98,1.76,D
2019-2020,2019-09-22,West Ham,Manchester United,2,0,0.51,1.28,H
2019-2020,2019-09-22,Chelsea,Liverpool,1,2,1.23,1.03,A
2019-2020,2019-09-22,Arsenal,Aston Villa,3,2,2.53,1.72,H
2019-2020,2019-09-28,Crystal Palace,Norwich,2,0,1.8,0.71,H
2019-2020,2019-09-28,Sheffield United,Liverpool,0,1,1.17,1.97,A
2019-2020,2019-09-28,Tottenham,Southampton,2,1,1.19,1.16,H
2019-2020,2019-09-28,Wolverhampton Wanderers,Watford,2,0,1.16,1.07,H
2019-2020,2019-09-28,Aston Villa,Burnley,2,2,0.91,1.67,D
2019-2020,2019-09-28,Bournemouth,West Ham,2,2,2.32,1.3,D
2019-2020,2019-09-28,Chelsea,Brighton,2,0,4.26,0.62,H
2019-2020,2019-09-28,Everton,Manchester City,1,3,2.36,3.11,A
2019-2020,2019-09-29,Leicester,Newcastle United,5,0,1.82,0.05,H
2019-2020,2019-09-30,Manchester United,Arsenal,1,1,1.13,1.7,D
2019-2020,2019-10-05,Brighton,Tottenham,3,0,2.6,0.48,H
2019-2020,2019-10-05,Burnley,Everton,1,0,0.56,1.31,H
2019-2020,2019-10-05,Liverpool,Leicester,2,1,3.75,0.1,H
2019-2020,2019-10-05,Norwich,Aston Villa,1,5,1.85,3.68,A
2019-2020,2019-10-05,Watford,Sheffield United,0,0,1.44,0.35,D
2019-2020,2019-10-05,West Ham,Crystal Palace,1,2,1.24,2.07,A
2019-2020,2019-10-06,Manchester City,Wolverhampton Wanderers,0,2,1.62,1.19,A
2019-2020,2019-10-06,Southampton,Chelsea,1,4,1.27,2.15,A
2019-2020,2019-10-06,Arsenal,Bournemouth,1,0,1.24,0.68,H
2019-2020,2019-10-06,Newcastle United,Manchester United,1,0,0.65,0.97,H
2019-2020,2019-10-19,Crystal Palace,Manchester City,0,2,0.62,4.02,A
2019-2020,2019-10-19,Wolverhampton Wanderers,Southampton,1,1,0.89,1.38,D
2019-2020,2019-10-19,Tottenham,Watford,1,1,0.89,0.85,D
2019-2020,2019-10-19,Leicester,Burnley,2,1,0.83,1.8,H
2019-2020,2019-10-19,Everton,West Ham,2,0,2.23,0.46,H
2019-2020,2019-10-19,Bournemouth,Norwich,0,0,0.68,0.4,D
2019-2020,2019-10-19,Aston Villa,Brighton,2,1,2.97,1.32,H
2019-2020,2019-10-19,Chelsea,Newcastle United,1,0,2.3,0.2,H
2019-2020,2019-10-20,Manchester United,Liverpool,1,1,0.79,1.03,D
2019-2020,2019-10-21,Sheffield United,Arsenal,1,0,0.9,0.95,H
2019-2020,2019-10-25,Southampton,Leicester,0,9,0.46,4.38,A
2019-2020,2019-10-26,West Ham,Sheffield United,1,1,2.34,1.16,D
2019-2020,2019-10-26,Watford,Bournemouth,0,0,0.67,0.9,D
2019-2020,2019-10-26,Burnley,Chelsea,2,4,2.23,0.99,A
2019-2020,2019-10-26,Manchester City,Aston Villa,3,0,3.19,0.98,H
2019-2020,2019-10-26,Brighton,Everton,3,2,1.15,1.05,H
2019-2020,2019-10-27,Newcastle United,Wolverhampton Wanderers,1,1,0.6,1.93,D
2019-2020,2019-10-27,Arsenal,Crystal Palace,2,2,1.54,1.78,D
2019-2020,2019-10-27,Liverpool,Tottenham,2,1,2.19,1.35,H
2019-2020,2019-10-27,Norwich,Manchester United,1,3,0.89,4.51,A
2019-2020,2019-11-02,Watford,Chelsea,1,2,1.47,2.18,A
2019-2020,2019-11-02,West Ham,Newcastle United,2,3,1.54,1.93,A
2019-2020,2019-11-02,Manchester City,Southampton,2,1,3.36,0.89,H
2019-2020,2019-11-02,Sheffield United,Burnley,3,0,2.58,0.72,H
2019-2020,2019-11-02,Aston Villa,Liverpool,1,2,0.74,2.39,A
2019-2020,2019-11-02,Arsenal,Wolverhampton Wanderers,1,1,1.03,1.51,D
2019-2020,2019-11-02,Bournemouth,Manchester United,1,0,1.87,0.64,H
2019-2020,2019-11-02,Brighton,Norwich,2,0,2.65,0.46,H
2019-2020,2019-11-03,Crystal Palace,Leicester,0,2,0.44,0.98,A
2019-2020,2019-11-03,Everton,Tottenham,1,1,1.16,0.24,D
2019-2020,2019-11-08,Norwich,Watford,0,2,0.62,1.36,A
2019-2020,2019-11-09,Leicester,Arsenal,2,0,1.37,0.96,H
2019-2020,2019-11-09,Chelsea,Crystal Palace,2,0,3.29,0.48,H
2019-2020,2019-11-09,Burnley,West Ham,3,0,2.42,0.47,H
2019-2020,2019-11-09,Newcastle United,Bournemouth,2,1,2.33,1.92,H
2019-2020,2019-11-09,Southampton,Everton,1,2,0.74,2.09,A
2019-2020,2019-11-09,Tottenham,Sheffield United,1,1,1.51,0.92,D
2019-2020,2019-11-10,Manchester United,Brighton,3,1,3.65,1.13,H
2019-2020,2019-11-10,Liverpool,Manchester City,3,1,1.33,1.48,H
2019-2020,2019-11-10,Wolverhampton Wanderers,Aston Villa,2,1,2.1,0.47,H
2019-2020,2019-11-23,West Ham,Tottenham,2,3,0.66,2.21,A
2019-2020,2019-11-23,Arsenal,Southampton,2,2,1.61,2.6,D
2019-2020,2019-11-23,Bournemouth,Wolverhampton Wanderers,1,2,0.85,1.28,A
2019-2020,2019-11-23,Brighton,Leicester,0,2,0.78,3.51,A
2019-2020,2019-11-23,Crystal Palace,Liverpool,1,2,1.02,1.64,A
2019-2020,2019-11-23,Everton,Norwich,0,2,0.81,1.81,A
2019-2020,2019-11-23,Watford,Burnley,0,3,0.9,2.66,A
2019-2020,2019-11-23,Manchester City,Chelsea,2,1,1.24,0.82,H
2019-2020,2019-11-24,Sheffield United,Manchester United,3,3,1.56,1.33,D
2019-2020,2019-11-25,Aston Villa,Newcastle United,2,0,2.7,0.7,H
2019-2020,2019-11-30,Burnley,Crystal Palace,0,2,1.85,0.94,A
2019-2020,2019-11-30,Southampton,Watford,2,1,1.97,0.5,H
2019-2020,2019-11-30,Tottenham,Bournemouth,3,2,2.93,1.03,H
2019-2020,2019-11-30,Newcastle United,Manchester City,2,2,0.21,2.44,D
2019-2020,2019-11-30,Chelsea,West Ham,0,1,2.73,1.12,A
2019-2020,2019-11-30,Liverpool,Brighton,2,1,1.37,0.87,H
2019-2020,2019-12-01,Wolverhampton Wanderers,Sheffield United,1,1,1.27,1.47,D
2019-2020,2019-12-01,Norwich,Arsenal,2,2,0.81,1.96,D
2019-2020,2019-12-01,Leicester,Everton,2,1,2.24,1.25,H
2019-2020,2019-12-01,Manchester United,Aston Villa,2,2,1.85,1.3,D
2019-2020,2019-12-03,Crystal Palace,Bournemouth,1,0,0.38,0.34,H
2019-2020,2019-12-03,Burnley,Manchester City,1,4,0.49,2.56,A
2019-2020,2019-12-04,Southampton,Norwich,2,1,2.0,0.9,H
2019-2020,2019-12-04,Liverpool,Everton,5,2,2.41,1.76,H
2019-2020,2019-12-04,Chelsea,Aston Villa,2,1,1.98,0.86,H
2019-2020,2019-12-04,Leicester,Watford,2,0,2.29,0.2,H
2019-2020,2019-12-04,Wolverhampton Wanderers,West Ham,2,0,1.82,0.5,H
2019-2020,2019-12-04,Manchester United,Tottenham,2,1,1.48,0.54,H
2019-2020,2019-12-05,Sheffield United,Newcastle United,0,2,1.09,0.53,A
2019-2020,2019-12-05,Arsenal,Brighton,1,2,0.97,1.53,A
2019-2020,2019-12-07,Everton,Chelsea,3,1,2.04,1.26,H
2019-2020,2019-12-07,Bournemouth,Liverpool,0,3,0.15,3.04,A
2019-2020,2019-12-07,Tottenham,Burnley,5,0,2.4,1.09,H
2019-2020,2019-12-07,Watford,Crystal Palace,0,0,1.57,0.21,D
2019-2020,2019-12-07,Manchester City,Manchester United,1,2,2.07,1.63,A
2019-2020,2019-12-08,Brighton,Wolverhampton Wanderers,2,2,0.95,1.87,D
2019-2020,2019-12-08,Norwich,Sheffield United,1,2,0.59,0.71,A
2019-2020,2019-12-08,Newcastle United,Southampton,2,1,1.1,1.89,H
2019-2020,2019-12-08,Aston Villa,Leicester,1,4,1.24,4.03,A
2019-2020,2019-12-09,West Ham,Arsenal,1,3,0.52,1.79,A
2019-2020,2019-12-14,Liverpool,Watford,2,0,1.57,1.01,H
2019-2020,2019-12-14,Burnley,Newcastle United,1,0,1.44,1.09,H
2019-2020,2019-12-14,Chelsea,Bournemouth,0,1,2.02,1.21,A
2019-2020,2019-12-14,Leicester,Norwich,1,1,1.06,1.16,D
2019-2020,2019-12-14,Sheffield United,Aston Villa,2,0,1.89,0.97,H
2019-2020,2019-12-14,Southampton,West Ham,0,1,0.81,0.9,A
2019-2020,2019-12-15,Wolverhampton Wanderers,Tottenham,1,2,0.72,0.99,A
2019-2020,2019-12-15,Arsenal,Manchester City,0,3,0.28,1.7,A
2019-2020,2019-12-15,Manchester United,Everton,1,1,1.48,0.28,D
2019-2020,2019-12-16,Crystal Palace,Brighton,1,1,0.48,2.48,D
2019-2020,2019-12-21,Everton,Arsenal,0,0,0.49,0.88,D
2019-2020,2019-12-21,Aston Villa,Southampton,1,3,0.92,2.63,A
2019-2020,2019-12-21,Bournemouth,Burnley,0,1,0.14,0.14,A
2019-2020,2019-12-21,Brighton,Sheffield United,0,1,0.43,1.66,A
2019-2020,2019-12-21,Newcastle United,Crystal Palace,1,0,0.71,0.99,H
2019-2020,2019-12-21,Norwich,Wolverhampton Wanderers,1,2,1.27,1.65,A
2019-2020,2019-12-21,Manchester City,Leicester,3,1,3.59,1.01,H
2019-2020,2019-12-22,Tottenham,Chelsea,0,2,0.28,1.49,A
2019-2020,2019-12-22,Watford,Manchester United,2,0,1.59,1.53,H
2019-2020,2019-12-26,Manchester United,Newcastle United,4,1,2.0,1.05,H
2019-2020,2019-12-26,Sheffield United,Watford,1,1,2.04,0.6,D
2019-2020,2019-12-26,Everton,Burnley,1,0,1.48,0.57,H
2019-2020,2019-12-26,Crystal Palace,West Ham,2,1,2.14,0.8,H
2019-2020,2019-12-26,Tottenham,Brighton,2,1,1.03,1.09,H
2019-2020,2019-12-26,Bournemouth,Arsenal,1,1,1.55,1.42,D
2019-2020,2019-12-26,Aston Villa,Norwich,1,0,0.65,1.45,H
2019-2020,2019-12-26,Leicester,Liverpool,0,4,0.12,3.77,A
2019-2020,2019-12-26,Chelsea,Southampton,0,2,0.86,0.98,A
2019-2020,2019-12-27,Wolverhampton Wanderers,Manchester City,3,2,2.39,1.52,H
2019-2020,2019-12-28,West Ham,Leicester,1,2,0.78,2.62,A
2019-2020,2019-12-28,Burnley,Manchester United,0,2,0.39,2.11,A
2019-2020,2019-12-28,Norwich,Tottenham,2,2,0.27,1.82,D
2019-2020,2019-12-28,Brighton,Bournemouth,2,0,1.06,0.5,H
2019-2020,2019-12-28,Southampton,Crystal Palace,1,1,1.48,0.14,D
2019-2020,2019-12-28,Newcastle United,Everton,1,2,1.63,2.83,A
2019-2020,2019-12-28,Watford,Aston Villa,3,0,3.25,0.61,H
2019-2020,2019-12-29,Arsenal,Chelsea,1,2,0.79,1.5,A
2019-2020,2019-12-29,Liverpool,Wolverhampton Wanderers,1,0,1.49,0.36,H
2019-2020,2019-12-29,Manchester City,Sheffield United,2,0,1.09,1.23,H
2019-2020,2020-01-01,Arsenal,Manchester United,2,0,1.91,0.72,H
2019-2020,2020-01-01,Norwich,Crystal Palace,1,1,1.66,1.3,D
2019-2020,2020-01-01,Manchester City,Everton,2,1,1.8,0.85,H
2019-2020,2020-01-01,West Ham,Bournemouth,4,0,2.33,0.72,H
2019-2020,2020-01-01,Southampton,Tottenham,1,0,1.51,1.08,H
2019-2020,2020-01-01,Newcastle United,Leicester,0,3,0.78,2.44,A
2019-2020,2020-01-01,Burnley,Aston Villa,1,2,2.34,1.75,A
2019-2020,2020-01-01,Brighton,Chelsea,1,1,1.57,1.57,D
2019-2020,2020-01-01,Watford,Wolverhampton Wanderers,2,1,1.07,1.23,H
2019-2020,2020-01-02,Liverpool,Sheffield United,2,0,3.05,0.63,H
2019-2020,2020-01-10,Sheffield United,West Ham,1,0,2.03,0.9,H
2019-2020,2020-01-11,Leicester,Southampton,1,2,0.78,2.41,A
2019-2020,2020-01-11,Tottenham,Liverpool,0,1,1.11,1.75,A
2019-2020,2020-01-11,Everton,Brighton,1,0,2.03,1.53,H
2019-2020,2020-01-11,Manchester United,Norwich,4,0,3.13,0.28,H
2019-2020,2020-01-11,Wolverhampton Wanderers,Newcastle United,1,1,2.05,0.18,D
2019-2020,2020-01-11,Crystal Palace,Arsenal,1,1,0.32,1.44,D
2019-2020,2020-01-11,Chelsea,Burnley,3,0,2.88,0.72,H
2019-2020,2020-01-12,Bournemouth,Watford,0,3,0.32,2.3,A
2019-2020,2020-01-12,Aston Villa,Manchester City,1,6,1.13,3.75,A
2019-2020,2020-01-18,Newcastle United,Chelsea,1,0,0.89,2.05,H
2019-2020,2020-01-18,Southampton,Wolverhampton Wanderers,2,3,0.79,2.18,A
2019-2020,2020-01-18,Norwich,Bournemouth,1,0,1.76,0.56,H
2019-2020,2020-01-18,West Ham,Everton,1,1,1.68,1.95,D
2019-2020,2020-01-18,Manchester City,Crystal Palace,2,2,2.47,0.59,D
2019-2020,2020-01-18,Arsenal,Sheffield United,1,1,1.23,1.18,D
2019-2020,2020-01-18,Watford,Tottenham,0,0,2.39,1.77,D
2019-2020,2020-01-18,Brighton,Aston Villa,1,1,1.3,1.02,D
2019-2020,2020-01-19,Burnley,Leicester,2,1,1.51,2.33,H
2019-2020,2020-01-19,Liverpool,Manchester United,2,0,2.01,1.42,H
2019-2020,2020-01-21,Aston Villa,Watford,2,1,1.07,1.81,H
2019-2020,2020-01-21,Sheffield United,Manchester City,0,1,0.77,2.87,A
2019-2020,2020-01-21,Everton,Newcastle United,2,2,2.05,0.57,D
2019-2020,2020-01-21,Bournemouth,Brighton,3,1,1.92,1.97,H
2019-2020,2020-01-21,Crystal Palace,Southampton,0,2,0.67,1.13,A
2019-2020,2020-01-21,Chelsea,Arsenal,2,2,3.39,0.57,D
2019-2020,2020-01-22,Tottenham,Norwich,2,1,2.22,1.42,H
2019-2020,2020-01-22,Leicester,West Ham,4,1,2.91,1.16,H
2019-2020,2020-01-22,Manchester United,Burnley,0,2,1.42,0.72,A
2019-2020,2020-01-23,Wolverhampton Wanderers,Liverpool,1,2,1.85,1.59,A
2019-2020,2020-01-29,West Ham,Liverpool,0,2,0.88,2.6,A
2019-2020,2020-02-01,Leicester,Chelsea,2,2,1.66,0.81,D
2019-2020,2020-02-01,Bournemouth,Aston Villa,2,1,2.72,1.41,H
2019-2020,2020-02-01,Crystal Palace,Sheffield United,0,1,0.97,0.86,A
2019-2020,2020-02-01,Liverpool,Southampton,4,0,3.72,0.72,H
2019-2020,2020-02-01,Newcastle United,Norwich,0,0,0.94,2.4,D
2019-2020,2020-02-01,Watford,Everton,2,3,0.92,2.7,A
2019-2020,2020-02-01,West Ham,Brighton,3,3,1.31,2.03,D
2019-2020,2020-02-01,Manchester United,Wolverhampton Wanderers,0,0,1.19,1.54,D
2019-2020,2020-02-02,Burnley,Arsenal,0,0,2.25,1.48,D
2019-2020,2020-02-02,Tottenham,Manchester City,2,0,0.42,3.25,H
2019-2020,2020-02-08,Brighton,Watford,1,1,0.76,0.28,D
2019-2020,2020-02-08,Everton,Crystal Palace,3,1,2.79,0.87,H
2019-2020,2020-02-09,Sheffield United,Bournemouth,2,1,2.04,1.07,H
2019-2020,2020-02-14,Wolverhampton Wanderers,Leicester,0,0,1.14,0.53,D
2019-2020,2020-02-15,Southampton,Burnley,1,2,0.69,0.89,A
2019-2020,2020-02-15,Norwich,Liverpool,0,1,0.38,2.07,A
2019-2020,2020-02-16,Aston Villa,Tottenham,2,3,1.71,3.86,A
2019-2020,2020-02-16,Arsenal,Newcastle United,4,0,3.02,1.17,H
2019-2020,2020-02-17,Chelsea,Manchester United,0,2,0.94,0.68,A
2019-2020,2020-02-19,Manchester City,West Ham,2,0,2.14,0.09,H
2019-2020,2020-02-22,Leicester,Manchester City,0,1,0.72,2.43,A
2019-2020,2020-02-22,Sheffield United,Brighton,1,1,1.66,1.06,D
2019-2020,2020-02-22,Southampton,Aston Villa,2,0,3.03,0.47,H
2019-2020,2020-02-22,Crystal Palace,Newcastle United,1,0,1.76,0.16,H
2019-2020,2020-02-22,Chelsea,Tottenham,2,1,1.78,0.27,H
2019-2020,2020-02-22,Burnley,Bournemouth,3,0,3.1,1.76,H
2019-2020,2020-02-23,Manchester United,Watford,3,0,2.5,0.29,H
2019-2020,2020-02-23,Wolverhampton Wanderers,Norwich,3,0,3.25,0.36,H
2019-2020,2020-02-23,Arsenal,Everton,3,2,1.34,2.66,H
2019-2020,2020-02-24,Liverpool,West Ham,3,2,2.48,0.64,H
2019-2020,2020-02-28,Norwich,Leicester,1,0,0.59,1.43,H
2019-2020,2020-02-29,West Ham,Southampton,3,1,2.79,0.87,H
2019-2020,2020-02-29,Brighton,Crystal Palace,0,1,1.79,2.17,A
2019-2020,2020-02-29,Bournemouth,Chelsea,2,2,1.58,1.98,D
2019-2020,2020-02-29,Newcastle United,Burnley,0,0,1.12,0.62,D
2019-2020,2020-02-29,Watford,Liverpool,3,0,2.71,0.21,H
2019-2020,2020-03-01,Everton,Manchester United,1,1,2.41,1.13,D
2019-2020,2020-03-01,Tottenham,Wolverhampton Wanderers,2,3,1.63,2.62,A
2019-2020,2020-03-07,Southampton,Newcastle United,0,1,0.35,3.06,A
2019-2020,2020-03-07,Sheffield United,Norwich,1,0,1.17,2.55,H
2019-2020,2020-03-07,Wolverhampton Wanderers,Brighton,0,0,0.9,0.31,D
2019-2020,2020-03-07,Arsenal,West Ham,1,0,1.56,1.62,H
2019-2020,2020-03-07,Liverpool,Bournemouth,2,1,1.89,1.3,H
2019-2020,2020-03-07,Crystal Palace,Watford,1,0,0.86,0.45,H
2019-2020,2020-03-07,Burnley,Tottenham,1,1,3.33,1.14,D
2019-2020,2020-03-08,Manchester United,Manchester City,2,0,1.74,0.59,H
2019-2020,2020-03-08,Chelsea,Everton,4,0,2.03,0.45,H
2019-2020,2020-03-09,Leicester,Aston Villa,4,0,2.41,0.67,H
2019-2020,2020-06-17,Aston Villa,Sheffield United,0,0,1.01,0.24,D
2019-2020,2020-06-17,Manchester City,Arsenal,3,0,2.74,0.5,H
2019-2020,2020-06-19,Norwich,Southampton,0,3,0.65,1.87,A
2019-2020,2020-06-19,Tottenham,Manchester United,1,1,0.53,1.77,D
2019-2020,2020-06-20,Watford,Leicester,1,1,1.01,1.05,D
2019-2020,2020-06-20,Brighton,Arsenal,2,1,0.67,0.7,H
2019-2020,2020-06-20,West Ham,Wolverhampton Wanderers,0,2,0.44,1.06,A
2019-2020,2020-06-20,Bournemouth,Crystal Palace,0,2,0.36,0.79,A
2019-2020,2020-06-21,Everton,Liverpool,0,0,0.62,0.66,D
2019-2020,2020-06-21,Aston Villa,Chelsea,1,2,1.57,1.14,A
2019-2020,2020-06-21,Newcastle United,Sheffield United,3,0,2.15,0.57,H
2019-2020,2020-06-22,Manchester City,Burnley,5,0,2.71,0.03,H
2019-2020,2020-06-23,Leicester,Brighton,0,0,0.51,1.1,D
2019-2020,2020-06-23,Tottenham,West Ham,2,0,2.24,0.83,H
2019-2020,2020-06-24,Wolverhampton Wanderers,Bournemouth,1,0,0.72,0.06,H
2019-2020,2020-06-24,Norwich,Everton,0,1,0.38,0.65,A
2019-2020,2020-06-24,Newcastle United,Aston Villa,1,1,0.66,1.23,D
2019-2020,2020-06-24,Manchester United,Sheffield United,3,0,2.84,0.11,H
2019-2020,2020-06-24,Liverpool,Crystal Palace,4,0,2.57,0.06,H
2019-2020,2020-06-25,Chelsea,Manchester City,2,1,4.21,0.69,H
2019-2020,2020-06-25,Southampton,Arsenal,0,2,0.74,2.19,A
2019-2020,2020-06-25,Burnley,Watford,1,0,0.96,0.5,H
2019-2020,2020-06-27,Aston Villa,Wolverhampton Wanderers,0,1,0.4,0.7,A
2019-2020,2020-06-28,Watford,Southampton,1,3,0.37,1.34,A
2019-2020,2020-06-29,Crystal Palace,Burnley,0,1,1.07,0.36,A
2019-2020,2020-06-30,Brighton,Manchester United,0,3,0.31,1.21,A
2019-2020,2020-07-01,Arsenal,Norwich,4,0,1.76,0.15,H
2019-2020,2020-07-01,Bournemouth,Newcastle United,1,4,1.28,2.23,A
2019-2020,2020-07-01,Everton,Leicester,2,1,1.18,1.8,H
2019-2020,2020-07-01,West Ham,Chelsea,3,2,2.1,1.58,H
2019-2020,2020-07-02,Manchester City,Liverpool,4,0,2.65,0.82,H
2019-2020,2020-07-02,Sheffield United,Tottenham,3,1,1.6,1.02,H
2019-2020,2020-07-04,Norwich,Brighton,0,1,0.55,0.9,A
2019-2020,2020-07-04,Leicester,Crystal Palace,3,0,2.21,0.51,H
2019-2020,2020-07-04,Manchester United,Bournemouth,5,2,2.63,1.52,H
2019-2020,2020-07-04,Wolverhampton Wanderers,Arsenal,0,2,0.99,1.28,A
2019-2020,2020-07-04,Chelsea,Watford,3,0,2.79,0.61,H
2019-2020,2020-07-05,Liverpool,Aston Villa,2,0,1.08,0.69,H
2019-2020,2020-07-05,Burnley,Sheffield United,1,1,1.32,1.63,D
2019-2020,2020-07-05,Newcastle United,West Ham,2,2,1.49,2.03,D
2019-2020,2020-07-05,Southampton,Manchester City,1,0,0.63,3.4,H
2019-2020,2020-07-06,Tottenham,Everton,1,0,0.51,0.4,H
2019-2020,2020-07-07,Watford,Norwich,2,1,0.73,1.13,H
2019-2020,2020-07-07,Arsenal,Leicester,1,1,1.29,1.0,D
2019-2020,2020-07-07,Crystal Palace,Chelsea,2,3,1.29,2.66,A
2019-2020,2020-07-08,Manchester City,Newcastle United,5,0,3.29,0.22,H
2019-2020,2020-07-08,Sheffield United,Wolverhampton Wanderers,1,0,0.47,0.33,H
2019-2020,2020-07-08,West Ham,Burnley,0,1,2.0,1.05,A
2019-2020,2020-07-08,Brighton,Liverpool,1,3,2.36,2.62,A
2019-2020,2020-07-09,Bournemouth,Tottenham,0,0,0.96,0.48,D
2019-2020,2020-07-09,Everton,Southampton,1,1,0.67,2.3,D
2019-2020,2020-07-09,Aston Villa,Manchester United,0,3,0.6,2.87,A
2019-2020,2020-07-11,Brighton,Manchester City,0,5,0.15,5.52,A
2019-2020,2020-07-11,Sheffield United,Chelsea,3,0,2.01,1.18,H
2019-2020,2020-07-11,Liverpool,Burnley,1,1,2.18,0.45,D
2019-2020,2020-07-11,Watford,Newcastle United,2,1,3.13,1.49,H
2019-2020,2020-07-11,Norwich,West Ham,0,4,0.61,3.81,A
2019-2020,2020-07-12,Wolverhampton Wanderers,Everton,3,0,2.87,0.29,H
2019-2020,2020-07-12,Aston Villa,Crystal Palace,2,0,1.7,0.97,H
2019-2020,2020-07-12,Tottenham,Arsenal,2,1,1.82,0.69,H
2019-2020,2020-07-12,Bournemouth,Leicester,4,1,2.54,1.66,H
2019-2020,2020-07-13,Manchester United,Southampton,2,2,1.5,1.81,D
2019-2020,2020-07-14,Chelsea,Norwich,1,0,3.05,0.06,H
2019-2020,2020-07-15,Arsenal,Liverpool,2,1,1.32,2.22,H
2019-2020,2020-07-15,Manchester City,Bournemouth,2,1,0.83,1.67,H
2019-2020,2020-07-15,Burnley,Wolverhampton Wanderers,1,1,1.53,1.29,D
2019-2020,2020-07-15,Newcastle United,Tottenham,1,3,1.06,1.75,A
2019-2020,2020-07-16,Everton,Aston Villa,1,1,0.94,1.52,D
2019-2020,2020-07-16,Leicester,Sheffield United,2,0,3.06,0.66,H
2019-2020,2020-07-16,Crystal Palace,Manchester United,0,2,0.57,1.9,A
2019-2020,2020-07-16,Southampton,Brighton,1,1,2.34,0.67,D
2019-2020,2020-07-17,West Ham,Watford,3,1,0.83,1.03,H
2019-2020,2020-07-18,Norwich,Burnley,0,2,0.58,1.82,A
2019-2020,2020-07-19,Tottenham,Leicester,3,0,0.77,1.2,H
2019-2020,2020-07-19,Bournemouth,Southampton,0,2,0.58,2.25,A
2019-2020,2020-07-20,Brighton,Newcastle United,0,0,0.86,0.93,D
2019-2020,2020-07-20,Sheffield United,Everton,0,1,0.47,0.62,A
2019-2020,2020-07-20,Wolverhampton Wanderers,Crystal Palace,2,0,1.49,0.44,H
2019-2020,2020-07-21,Watford,Manchester City,0,4,0.13,3.74,A
2019-2020,2020-07-21,Aston Villa,Arsenal,1,0,0.57,0.74,H
2019-2020,2020-07-22,Liverpool,Chelsea,5,3,1.45,2.38,H
2019-2020,2020-07-22,Manchester United,West Ham,1,1,0.98,1.29,D
2019-2020,2020-07-26,Everton,Bournemouth,1,3,1.75,1.46,A
2019-2020,2020-07-26,Leicester,Manchester United,0,2,0.75,1.41,A
2019-2020,2020-07-26,Crystal Palace,Tottenham,1,1,0.99,0.31,D
2019-2020,2020-07-26,Manchester City,Norwich,5,0,3.57,0.79,H
2019-2020,2020-07-26,Chelsea,Wolverhampton Wanderers,2,0,1.16,0.16,H
2019-2020,2020-07-26,Southampton,Sheffield United,3,1,1.64,1.41,H
2019-2020,2020-07-26,Arsenal,Watford,3,2,1.95,3.92,H
2019-2020,2020-07-26,West Ham,Aston Villa,1,1,0.78,0.98,D
2019-2020,2020-07-26,Newcastle United,Liverpool,1,3,0.34,0.57,A
2019-2020,2020-07-26,Burnley,Brighton,1,2,1.44,1.37,A
2020-2021,2020-09-12,Fulham,Arsenal,0,3,0.13,2.16,A
2020-2021,2020-09-12,Crystal Palace,Southampton,1,0,1.4,1.26,H
2020-2021,2020-09-12,Liverpool,Leeds,4,3,3.15,0.27,H
2020-2021,2020-09-12,West Ham,Newcastle United,0,2,0.86,1.66,A
2020-2021,2020-09-13,West Bromwich Albion,Leicester,0,3,0.35,2.96,A
2020-2021,2020-09-13,Tottenham,Everton,0,1,0.82,1.27,A
2020-2021,2020-09-14,Sheffield United,Wolverhampton Wanderers,0,2,0.95,1.61,A
2020-2021,2020-09-14,Brighton,Chelsea,1,3,1.44,1.27,A
2020-2021,2020-09-19,Manchester United,Crystal Palace,1,3,1.1,1.91,A
2020-2021,2020-09-19,Arsenal,West Ham,2,1,1.33,2.06,H
2020-2021,2020-09-19,Everton,West Bromwich Albion,5,2,4.16,0.32,H
2020-2021,2020-09-19,Leeds,Fulham,4,3,1.45,1.56,H
2020-2021,2020-09-20,Southampton,Tottenham,2,5,2.28,2.28,A
2020-2021,2020-09-20,Newcastle United,Brighton,0,3,0.52,1.88,A
2020-2021,2020-09-20,Chelsea,Liverpool,0,2,0.9,2.25,A
2020-2021,2020-09-20,Leicester,Burnley,4,2,0.99,1.52,H
2020-2021,2020-09-21,Aston Villa,Sheffield United,1,0,0.81,0.85,H
2020-2021,2020-09-21,Wolverhampton Wanderers,Manchester City,1,3,0.73,2.08,A
2020-2021,2020-09-26,Brighton,Manchester United,2,3,2.98,1.58,A
2020-2021,2020-09-26,Crystal Palace,Everton,1,2,0.44,2.27,A
2020-2021,2020-09-26,West Bromwich Albion,Chelsea,3,3,0.91,2.36,D
2020-2021,2020-09-26,Burnley,Southampton,0,1,0.35,0.71,A
2020-2021,2020-09-27,West Ham,Wolverhampton Wanderers,4,0,3.06,0.39,H
2020-2021,2020-09-27,Manchester City,Leicester,2,5,1.45,2.87,A
2020-2021,2020-09-27,Tottenham,Newcastle United,1,1,3.19,0.94,D
2020-2021,2020-09-27,Sheffield United,Leeds,0,1,1.53,1.47,A
2020-2021,2020-09-28,Fulham,Aston Villa,0,3,0.53,2.03,A
2020-2021,2020-09-28,Liverpool,Arsenal,3,1,2.74,1.18,H
2020-2021,2020-10-03,Chelsea,Crystal Palace,4,0,2.51,0.1,H
2020-2021,2020-10-03,Everton,Brighton,4,2,2.34,1.17,H
2020-2021,2020-10-03,Leeds,Manchester City,1,1,2.57,1.42,D
2020-2021,2020-10-03,Newcastle United,Burnley,3,1,1.96,0.44,H
2020-2021,2020-10-04,Aston Villa,Liverpool,7,2,3.08,1.66,H
2020-2021,2020-10-04,Manchester United,Tottenham,1,6,0.87,3.3,A
2020-2021,2020-10-04,Wolverhampton Wanderers,Fulham,1,0,0.89,0.97,H
2020-2021,2020-10-04,Southampton,West Bromwich Albion,2,0,0.95,0.16,H
2020-2021,2020-10-04,Leicester,West Ham,0,3,0.46,2.03,A
2020-2021,2020-10-04,Arsenal,Sheffield United,2,1,0.67,0.14,H
2020-2021,2020-10-17,Everton,Liverpool,2,2,1.36,2.49,D
2020-2021,2020-10-17,Chelsea,Southampton,3,3,1.99,1.42,D
2020-2021,2020-10-17,Manchester City,Arsenal,1,0,1.43,0.84,H
2020-2021,2020-10-17,Newcastle United,Manchester United,1,4,0.87,2.22,A
2020-2021,2020-10-18,Leicester,Aston Villa,0,1,0.67,0.87,A
2020-2021,2020-10-18,Sheffield United,Fulham,1,1,1.66,1.36,D
2020-2021,2020-10-18,Crystal Palace,Brighton,1,1,0.76,1.09,D
2020-2021,2020-10-18,Tottenham,West Ham,3,3,1.78,1.5,D
2020-2021,2020-10-19,Leeds,Wolverhampton Wanderers,0,1,1.08,0.62,A
2020-2021,2020-10-19,West Bromwich Albion,Burnley,0,0,0.73,1.09,D
2020-2021,2020-10-23,Aston Villa,Leeds,0,3,1.5,2.38,A
2020-2021,2020-10-24,West Ham,Manchester City,1,1,0.26,0.89,D
2020-2021,2020-10-24,Fulham,Crystal Palace,1,2,1.05,2.81,A
2020-2021,2020-10-24,Manchester United,Chelsea,0,0,0.65,0.22,D
2020-2021,2020-10-24,Liverpool,Sheffield United,2,1,2.4,1.4,H
2020-2021,2020-10-25,Southampton,Everton,2,0,0.74,0.29,H
2020-2021,2020-10-25,Wolverhampton Wanderers,Newcastle United,1,1,0.76,0.25,D
2020-2021,2020-10-25,Arsenal,Leicester,0,1,0.74,0.74,A
2020-2021,2020-10-26,Brighton,West Bromwich Albion,1,1,0.55,0.3,D
2020-2021,2020-10-26,Burnley,Tottenham,0,1,0.95,0.8,A
2020-2021,2020-10-30,Wolverhampton Wanderers,Crystal Palace,2,0,1.35,0.8,H
2020-2021,2020-10-31,Liverpool,West Ham,2,1,1.56,0.27,H
2020-2021,2020-10-31,Sheffield United,Manchester City,0,1,0.69,1.9,A
2020-2021,2020-10-31,Burnley,Chelsea,0,3,0.41,1.23,A
2020-2021,2020-11-01,Aston Villa,Southampton,3,4,2.45,1.0,A
2020-2021,2020-11-01,Newcastle United,Everton,2,1,2.63,1.22,H
2020-2021,2020-11-01,Manchester United,Arsenal,0,1,0.39,1.0,A
2020-2021,2020-11-01,Tottenham,Brighton,2,1,1.97,0.32,H
2020-2021,2020-11-02,Fulham,West Bromwich Albion,2,0,1.62,0.48,H
2020-2021,2020-11-02,Leeds,Leicester,1,4,1.75,3.08,A
2020-2021,2020-11-06,Brighton,Burnley,0,0,1.59,0.33,D
2020-2021,2020-11-06,Southampton,Newcastle United,2,0,0.99,0.18,H
2020-2021,2020-11-07,West Ham,Fulham,1,0,1.43,1.85,H
2020-2021,2020-11-07,Chelsea,Sheffield United,4,1,2.88,0.74,H
2020-2021,2020-11-07,Everton,Manchester United,1,3,0.38,1.6,A
2020-2021,2020-11-07,Crystal Palace,Leeds,4,1,1.3,0.85,H
2020-2021,2020-11-08,West Bromwich Albion,Tottenham,0,1,0.8,1.87,A
2020-2021,2020-11-08,Leicester,Wolverhampton Wanderers,1,0,2.05,0.58,H
2020-2021,2020-11-08,Manchester City,Liverpool,1,1,1.58,1.19,D
2020-2021,2020-11-08,Arsenal,Aston Villa,0,3,1.39,1.99,A
2020-2021,2020-11-21,Manchester United,West Bromwich Albion,1,0,2.43,0.44,H
2020-2021,2020-11-21,Newcastle United,Chelsea,0,2,0.37,1.82,A
2020-2021,2020-11-21,Aston Villa,Brighton,1,2,1.77,1.5,A
2020-2021,2020-11-21,Tottenham,Manchester City,2,0,0.76,1.66,H
2020-2021,2020-11-22,Liverpool,Leicester,3,0,3.77,1.98,H
2020-2021,2020-11-22,Leeds,Arsenal,0,0,1.96,0.71,D
2020-2021,2020-11-22,Sheffield United,West Ham,0,1,0.69,2.11,A
2020-2021,2020-11-22,Fulham,Everton,2,3,1.87,2.25,A
2020-2021,2020-11-23,Burnley,Crystal Palace,1,0,1.75,1.28,H
2020-2021,2020-11-23,Wolverhampton Wanderers,Southampton,1,1,1.57,1.08,D
2020-2021,2020-11-27,Crystal Palace,Newcastle United,0,2,0.53,1.28,A
2020-2021,2020-11-28,Everton,Leeds,0,1,1.29,3.11,A
2020-2021,2020-11-28,West Bromwich Albion,Sheffield United,1,0,1.72,3.37,H
2020-2021,2020-11-28,Brighton,Liverpool,1,1,2.31,0.28,D
2020-2021,2020-11-28,Manchester City,Burnley,5,0,2.26,0.42,H
2020-2021,2020-11-29,Chelsea,Tottenham,0,0,0.97,0.23,D
2020-2021,2020-11-29,Arsenal,Wolverhampton Wanderers,1,2,1.12,2.01,A
2020-2021,2020-11-29,Southampton,Manchester United,2,3,0.5,2.48,A
2020-2021,2020-11-30,Leicester,Fulham,1,2,1.28,2.04,A
2020-2021,2020-11-30,West Ham,Aston Villa,2,1,0.57,2.39,H
2020-2021,2020-12-05,Burnley,Everton,1,1,0.73,2.28,D
2020-2021,2020-12-05,Manchester City,Fulham,2,0,3.26,0.29,H
2020-2021,2020-12-05,West Ham,Manchester United,1,3,2.53,1.79,A
2020-2021,2020-12-05,Chelsea,Leeds,3,1,4.89,1.03,H
2020-2021,2020-12-06,Tottenham,Arsenal,2,0,0.39,0.6,H
2020-2021,2020-12-06,Liverpool,Wolverhampton Wanderers,4,0,1.59,0.36,H
2020-2021,2020-12-06,Sheffield United,Leicester,1,2,0.29,1.39,A
2020-2021,2020-12-06,West Bromwich Albion,Crystal Palace,1,5,0.57,1.69,A
2020-2021,2020-12-07,Brighton,Southampton,1,2,2.03,1.35,A
2020-2021,2020-12-11,Leeds,West Ham,1,2,1.57,1.79,A
2020-2021,2020-12-12,Wolverhampton Wanderers,Aston Villa,0,1,1.14,1.27,A
2020-2021,2020-12-12,Newcastle United,West Bromwich Albion,2,1,0.9,0.57,H
2020-2021,2020-12-12,Manchester United,Manchester City,0,0,0.59,1.28,D
2020-2021,2020-12-12,Everton,Chelsea,1,0,1.22,1.01,H
2020-2021,2020-12-13,Arsenal,Burnley,0,1,1.85,0.82,A
2020-2021,2020-12-13,Fulham,Liverpool,1,1,1.73,1.82,D
2020-2021,2020-12-13,Leicester,Brighton,3,0,1.64,0.79,H
2020-2021,2020-12-13,Southampton,Sheffield United,3,0,2.28,0.22,H
2020-2021,2020-12-13,Crystal Palace,Tottenham,1,1,1.84,1.41,D
2020-2021,2020-12-15,Wolverhampton Wanderers,Chelsea,2,1,0.68,1.57,H
2020-2021,2020-12-15,Manchester City,West Bromwich Albion,1,1,2.59,0.21,D
2020-2021,2020-12-16,Liverpool,Tottenham,2,1,1.22,1.52,H
2020-2021,2020-12-16,Arsenal,Southampton,1,1,0.66,1.11,D
2020-2021,2020-12-16,Leeds,Newcastle United,5,2,2.95,1.44,H
2020-2021,2020-12-16,Leicester,Everton,0,2,0.84,1.51,A
2020-2021,2020-12-16,Fulham,Brighton,0,0,1.0,0.46,D
2020-2021,2020-12-16,West Ham,Crystal Palace,1,1,0.45,1.09,D
2020-2021,2020-12-17,Sheffield United,Manchester United,2,3,1.24,1.79,A
2020-2021,2020-12-17,Aston Villa,Burnley,0,0,1.81,0.32,D
2020-2021,2020-12-19,Crystal Palace,Liverpool,0,7,0.49,2.87,A
2020-2021,2020-12-19,Southampton,Manchester City,0,1,0.59,1.16,A
2020-2021,2020-12-19,Everton,Arsenal,2,1,0.66,1.25,H
2020-2021,2020-12-19,Newcastle United,Fulham,1,1,1.27,1.11,D
2020-2021,2020-12-20,Brighton,Sheffield United,1,1,2.9,1.04,D
2020-2021,2020-12-20,Tottenham,Leicester,0,2,0.95,1.75,A
2020-2021,2020-12-20,Manchester United,Leeds,6,2,4.78,1.63,H
2020-2021,2020-12-20,West Bromwich Albion,Aston Villa,0,3,0.04,2.62,A
2020-2021,2020-12-21,Burnley,Wolverhampton Wanderers,2,1,1.2,1.46,H
2020-2021,2020-12-21,Chelsea,West Ham,3,0,2.41,0.28,H
2020-2021,2020-12-26,Sheffield United,Everton,0,1,1.25,0.57,A
2020-2021,2020-12-26,Arsenal,Chelsea,3,1,1.94,2.25,H
2020-2021,2020-12-26,Manchester City,Newcastle United,2,0,3.2,0.2,H
2020-2021,2020-12-26,Aston Villa,Crystal Palace,3,0,4.58,0.85,H
2020-2021,2020-12-26,Leicester,Manchester United,2,2,1.04,2.08,D
2020-2021,2020-12-26,Fulham,Southampton,0,0,0.78,0.12,D
2020-2021,2020-12-27,Leeds,Burnley,1,0,2.13,1.55,H
2020-2021,2020-12-27,West Ham,Brighton,2,2,1.39,1.51,D
2020-2021,2020-12-27,Liverpool,West Bromwich Albion,1,1,1.45,0.74,D
2020-2021,2020-12-27,Wolverhampton Wanderers,Tottenham,1,1,0.74,0.41,D
2020-2021,2020-12-28,Crystal Palace,Leicester,1,1,0.32,1.72,D
2020-2021,2020-12-28,Chelsea,Aston Villa,1,1,1.54,0.73,D
2020-2021,2020-12-29,Southampton,West Ham,0,0,0.67,1.07,D
2020-2021,2020-12-29,Manchester United,Wolverhampton Wanderers,1,0,1.48,0.41,H
2020-2021,2020-12-29,Brighton,Arsenal,0,1,0.8,1.31,A
2020-2021,2020-12-29,Burnley,Sheffield United,1,0,0.97,0.49,H
2020-2021,2020-12-29,West Bromwich Albion,Leeds,0,5,0.44,1.54,A
2020-2021,2020-12-30,Newcastle United,Liverpool,0,0,0.82,1.32,D
2020-2021,2021-01-01,Everton,West Ham,0,1,0.37,1.2,A
2020-2021,2021-01-01,Manchester United,Aston Villa,2,1,2.46,1.56,H
2020-2021,2021-01-02,Tottenham,Leeds,3,0,2.53,1.16,H
2020-2021,2021-01-02,Crystal Palace,Sheffield United,2,0,0.6,0.32,H
2020-2021,2021-01-02,Brighton,Wolverhampton Wanderers,3,3,2.42,1.82,D
2020-2021,2021-01-02,West Bromwich Albion,Arsenal,0,4,0.87,4.03,A
2020-2021,2021-01-03,Newcastle United,Leicester,1,2,0.26,0.7,A
2020-2021,2021-01-03,Chelsea,Manchester City,1,3,0.69,3.18,A
2020-2021,2021-01-04,Southampton,Liverpool,1,0,0.5,1.37,H
2020-2021,2021-01-12,Burnley,Manchester United,0,1,0.65,1.24,A
2020-2021,2021-01-12,Sheffield United,Newcastle United,1,0,2.01,1.05,H
2020-2021,2021-01-12,Wolverhampton Wanderers,Everton,1,2,0.85,0.32,A
2020-2021,2021-01-13,Manchester City,Brighton,1,0,2.91,0.18,H
2020-2021,2021-01-13,Tottenham,Fulham,1,1,3.14,1.05,D
2020-2021,2021-01-14,Arsenal,Crystal Palace,0,0,0.37,0.71,D
2020-2021,2021-01-16,Wolverhampton Wanderers,West Bromwich Albion,2,3,1.94,2.46,A
2020-2021,2021-01-16,Leeds,Brighton,0,1,0.25,1.14,A
2020-2021,2021-01-16,West Ham,Burnley,1,0,1.73,0.4,H
2020-2021,2021-01-16,Fulham,Chelsea,0,1,0.46,1.38,A
2020-2021,2021-01-16,Leicester,Southampton,2,0,2.12,0.38,H
2020-2021,2021-01-17,Manchester City,Crystal Palace,4,0,0.96,0.05,H
2020-2021,2021-01-17,Sheffield United,Tottenham,1,3,0.98,1.28,A
2020-2021,2021-01-17,Liverpool,Manchester United,0,0,1.2,1.19,D
2020-2021,2021-01-18,Arsenal,Newcastle United,3,0,2.31,0.17,H
2020-2021,2021-01-19,West Ham,West Bromwich Albion,2,1,2.18,0.46,H
2020-2021,2021-01-19,Leicester,Chelsea,2,0,1.14,0.62,H
2020-2021,2021-01-20,Manchester City,Aston Villa,2,0,3.34,0.6,H
2020-2021,2021-01-20,Fulham,Manchester United,1,2,0.75,1.68,A
2020-2021,2021-01-21,Liverpool,Burnley,0,1,1.65,1.08,A
2020-2021,2021-01-23,Aston Villa,Newcastle United,2,0,2.6,0.4,H
2020-2021,2021-01-26,Crystal Palace,West Ham,2,3,0.63,3.3,A
2020-2021,2021-01-26,West Bromwich Albion,Manchester City,0,5,0.57,2.25,A
2020-2021,2021-01-26,Newcastle United,Leeds,1,2,1.14,0.79,A
2020-2021,2021-01-26,Southampton,Arsenal,1,3,1.0,2.43,A
2020-2021,2021-01-27,Manchester United,Sheffield United,1,2,0.99,0.69,A
2020-2021,2021-01-27,Everton,Leicester,1,1,0.47,0.79,D
2020-2021,2021-01-27,Burnley,Aston Villa,3,2,0.72,2.71,H
2020-2021,2021-01-27,Chelsea,Wolverhampton Wanderers,0,0,0.66,0.63,D
2020-2021,2021-01-27,Brighton,Fulham,0,0,2.29,0.51,D
2020-2021,2021-01-28,Tottenham,Liverpool,1,3,0.1,2.59,A
2020-2021,2021-01-30,Everton,Newcastle United,0,2,0.97,2.09,A
2020-2021,2021-01-30,Crystal Palace,Wolverhampton Wanderers,1,0,1.37,0.45,H
2020-2021,2021-01-30,West Bromwich Albion,Fulham,2,2,0.99,1.52,D
2020-2021,2021-01-30,Manchester City,Sheffield United,1,0,1.53,0.15,H
2020-2021,2021-01-30,Arsenal,Manchester United,0,0,0.75,1.51,D
2020-2021,2021-01-30,Southampton,Aston Villa,0,1,2.23,0.8,A
2020-2021,2021-01-31,West Ham,Liverpool,1,3,0.88,2.06,A
2020-2021,2021-01-31,Brighton,Tottenham,1,0,1.77,0.37,H
2020-2021,2021-01-31,Chelsea,Burnley,2,0,1.44,0.39,H
2020-2021,2021-01-31,Leicester,Leeds,1,3,1.73,1.81,A
2020-2021,2021-02-02,Sheffield United,West Bromwich Albion,2,1,1.36,1.62,H
2020-2021,2021-02-02,Wolverhampton Wanderers,Arsenal,2,1,1.56,0.72,H
2020-2021,2021-02-02,Manchester United,Southampton,9,0,5.03,0.51,H
2020-2021,2021-02-02,Newcastle United,Crystal Palace,1,2,1.91,0.81,A
2020-2021,2021-02-03,Burnley,Manchester City,0,2,0.05,2.12,A
2020-2021,2021-02-03,Fulham,Leicester,0,2,0.73,1.71,A
2020-2021,2021-02-03,Leeds,Everton,1,2,1.14,1.92,A
2020-2021,2021-02-03,Aston Villa,West Ham,1,3,0.74,1.79,A
2020-2021,2021-02-03,Liverpool,Brighton,0,1,1.1,1.19,A
2020-2021,2021-02-04,Tottenham,Chelsea,0,1,0.57,2.39,A
2020-2021,2021-02-06,Manchester United,Everton,3,3,1.72,1.56,D
2020-2021,2021-02-06,Fulham,West Ham,0,0,1.61,0.94,D
2020-2021,2021-02-06,Aston Villa,Arsenal,1,0,1.2,0.68,H
2020-2021,2021-02-06,Burnley,Brighton,1,1,1.89,0.61,D
2020-2021,2021-02-06,Newcastle United,Southampton,3,2,0.91,1.43,H
2020-2021,2021-02-07,Tottenham,West Bromwich Albion,2,0,1.93,0.7,H
2020-2021,2021-02-07,Wolverhampton Wanderers,Leicester,0,0,1.36,0.63,D
2020-2021,2021-02-07,Liverpool,Manchester City,1,4,1.18,3.55,A
2020-2021,2021-02-07,Sheffield United,Chelsea,1,2,0.62,1.64,A
2020-2021,2021-02-08,Leeds,Crystal Palace,2,0,2.65,0.37,H
2020-2021,2021-02-13,Manchester City,Tottenham,3,0,2.46,0.42,H
2020-2021,2021-02-13,Brighton,Aston Villa,0,0,2.33,0.14,D
2020-2021,2021-02-13,Leicester,Liverpool,3,1,2.07,1.68,H
2020-2021,2021-02-13,Crystal Palace,Burnley,0,3,0.65,1.96,A
2020-2021,2021-02-14,Southampton,Wolverhampton Wanderers,1,2,0.85,1.09,A
2020-2021,2021-02-14,West Bromwich Albion,Manchester United,1,1,0.95,0.42,D
2020-2021,2021-02-14,Arsenal,Leeds,4,2,2.51,0.77,H
2020-2021,2021-02-14,Everton,Fulham,0,2,0.31,2.55,A
2020-2021,2021-02-15,West Ham,Sheffield United,3,0,2.33,0.93,H
2020-2021,2021-02-15,Chelsea,Newcastle United,2,0,2.54,0.43,H
2020-2021,2021-02-17,Burnley,Fulham,1,1,1.21,0.59,D
2020-2021,2021-02-17,Everton,Manchester City,1,3,1.05,1.23,A
2020-2021,2021-02-19,Wolverhampton Wanderers,Leeds,1,0,0.59,2.48,H
2020-2021,2021-02-20,Fulham,Sheffield United,1,0,1.21,0.98,H
2020-2021,2021-02-20,Liverpool,Everton,0,2,1.54,2.01,A
2020-2021,2021-02-20,Southampton,Chelsea,1,1,0.5,1.45,D
2020-2021,2021-02-20,Burnley,West Bromwich Albion,0,0,0.54,1.72,D
2020-2021,2021-02-21,West Ham,Tottenham,2,1,1.09,0.77,H
2020-2021,2021-02-21,Aston Villa,Leicester,1,2,1.71,1.24,A
2020-2021,2021-02-21,Arsenal,Manchester City,0,1,0.33,2.09,A
2020-2021,2021-02-21,Manchester United,Newcastle United,3,1,1.73,0.34,H
2020-2021,2021-02-22,Brighton,Crystal Palace,1,2,2.59,0.18,A
2020-2021,2021-02-23,Leeds,Southampton,3,0,1.85,1.48,H
2020-2021,2021-02-27,Leeds,Aston Villa,0,1,1.0,0.88,A
2020-2021,2021-02-27,Newcastle United,Wolverhampton Wanderers,1,1,1.95,1.28,D
2020-2021,2021-02-27,Manchester City,West Ham,2,1,0.76,1.93,H
2020-2021,2021-02-27,West Bromwich Albion,Brighton,1,0,0.69,3.12,H
2020-2021,2021-02-28,Crystal Palace,Fulham,0,0,0.09,0.81,D
2020-2021,2021-02-28,Leicester,Arsenal,1,3,0.53,2.11,A
2020-2021,2021-02-28,Tottenham,Burnley,4,0,2.36,0.6,H
2020-2021,2021-02-28,Chelsea,Manchester United,0,0,1.17,0.36,D
2020-2021,2021-02-28,Sheffield United,Liverpool,0,2,0.78,2.81,A
2020-2021,2021-03-01,Everton,Southampton,1,0,1.42,0.67,H
2020-2021,2021-03-02,Manchester City,Wolverhampton Wanderers,4,1,3.26,0.32,H
2020-2021,2021-03-03,Burnley,Leicester,1,1,1.27,1.24,D
2020-2021,2021-03-03,Sheffield United,Aston Villa,1,0,0.72,1.44,H
2020-2021,2021-03-03,Crystal Palace,Manchester United,0,0,0.74,0.58,D
2020-2021,2021-03-04,Liverpool,Chelsea,0,1,0.25,1.23,A
2020-2021,2021-03-04,West Bromwich Albion,Everton,0,1,1.02,1.41,A
2020-2021,2021-03-04,Fulham,Tottenham,0,1,1.17,1.55,A
2020-2021,2021-03-06,Burnley,Arsenal,1,1,1.1,2.54,D
2020-2021,2021-03-06,Sheffield United,Southampton,0,2,0.91,2.37,A
2020-2021,2021-03-06,Aston Villa,Wolverhampton Wanderers,0,0,0.96,2.15,D
2020-2021,2021-03-06,Brighton,Leicester,1,2,0.75,1.04,A
2020-2021,2021-03-07,Tottenham,Crystal Palace,4,1,2.24,0.56,H
2020-2021,2021-03-07,West Bromwich Albion,Newcastle United,0,0,1.47,0.45,D
2020-2021,2021-03-07,Liverpool,Fulham,0,1,0.7,1.37,A
2020-2021,2021-03-07,Manchester City,Manchester United,0,2,1.28,2.11,A
2020-2021,2021-03-08,Chelsea,Everton,2,0,2.57,0.27,H
2020-2021,2021-03-08,West Ham,Leeds,2,0,2.38,1.35,H
2020-2021,2021-03-10,Manchester City,Southampton,5,2,3.11,1.61,H
2020-2021,2021-03-12,Newcastle United,Aston Villa,1,1,0.87,0.75,D
2020-2021,2021-03-13,Everton,Burnley,1,2,1.7,0.75,A
2020-2021,2021-03-13,Fulham,Manchester City,0,3,0.45,2.73,A
2020-2021,2021-03-13,Leeds,Chelsea,0,0,0.38,0.97,D
2020-2021,2021-03-13,Crystal Palace,West Bromwich Albion,1,0,1.31,0.51,H
2020-2021,2021-03-14,Leicester,Sheffield United,5,0,4.55,0.09,H
2020-2021,2021-03-14,Arsenal,Tottenham,2,1,1.57,0.71,H
2020-2021,2021-03-14,Southampton,Brighton,1,2,1.03,0.9,A
2020-2021,2021-03-14,Manchester United,West Ham,1,0,1.7,0.46,H
2020-2021,2021-03-15,Wolverhampton Wanderers,Liverpool,0,1,1.29,1.06,A
2020-2021,2021-03-19,Fulham,Leeds,1,2,1.47,1.41,A
2020-2021,2021-03-20,Brighton,Newcastle United,3,0,0.95,0.1,H
2020-2021,2021-03-21,West Ham,Arsenal,3,3,2.51,1.35,D
2020-2021,2021-03-21,Aston Villa,Tottenham,0,2,0.44,1.72,A
2020-2021,2021-04-03,Chelsea,West Bromwich Albion,2,5,2.56,1.38,A
2020-2021,2021-04-03,Leeds,Sheffield United,2,1,2.51,0.87,H
2020-2021,2021-04-03,Leicester,Manchester City,0,2,0.28,1.98,A
2020-2021,2021-04-03,Arsenal,Liverpool,0,3,0.16,2.44,A
2020-2021,2021-04-04,Manchester United,Brighton,2,1,1.73,1.41,H
2020-2021,2021-04-04,Aston Villa,Fulham,3,1,1.52,1.52,H
2020-2021,2021-04-04,Newcastle United,Tottenham,2,2,3.3,2.44,D
2020-2021,2021-04-04,Southampton,Burnley,3,2,2.4,1.5,H
2020-2021,2021-04-05,Everton,Crystal Palace,1,1,2.53,0.6,D
2020-2021,2021-04-05,Wolverhampton Wanderers,West Ham,2,3,1.96,1.6,A
2020-2021,2021-04-09,Fulham,Wolverhampton Wanderers,0,1,0.73,0.43,A
2020-2021,2021-04-10,Manchester City,Leeds,1,2,1.99,0.18,A
2020-2021,2021-04-10,Liverpool,Aston Villa,2,1,2.15,0.76,H
2020-2021,2021-04-10,Crystal Palace,Chelsea,1,4,0.6,3.85,A
2020-2021,2021-04-11,Tottenham,Manchester United,1,3,0.92,2.1,A
2020-2021,2021-04-11,Sheffield United,Arsenal,0,3,0.32,1.94,A
2020-2021,2021-04-11,Burnley,Newcastle United,1,2,1.84,1.34,A
2020-2021,2021-04-11,West Ham,Leicester,3,2,1.02,1.17,H
2020-2021,2021-04-12,West Bromwich Albion,Southampton,3,0,2.77,1.5,H
2020-2021,2021-04-12,Brighton,Everton,0,0,1.16,0.31,D
2020-2021,2021-04-16,Everton,Tottenham,2,2,2.26,1.48,D
2020-2021,2021-04-17,Newcastle United,West Ham,3,2,2.43,2.07,H
2020-2021,2021-04-17,Wolverhampton Wanderers,Sheffield United,1,0,1.23,0.3,H
2020-2021,2021-04-18,Arsenal,Fulham,1,1,2.86,0.84,D
2020-2021,2021-04-18,Manchester United,Burnley,3,1,2.87,0.96,H
2020-2021,2021-04-19,Leeds,Liverpool,1,1,2.6,1.6,D
2020-2021,2021-04-20,Chelsea,Brighton,0,0,0.81,0.46,D
2020-2021,2021-04-21,Aston Villa,Manchester City,1,2,0.8,1.56,A
2020-2021,2021-04-21,Tottenham,Southampton,2,1,1.29,1.06,H
2020-2021,2021-04-22,Leicester,West Bromwich Albion,3,0,2.67,0.28,H
2020-2021,2021-04-23,Arsenal,Everton,0,1,0.74,0.53,A
2020-2021,2021-04-24,Liverpool,Newcastle United,1,1,2.85,0.86,D
2020-2021,2021-04-24,West Ham,Chelsea,0,1,0.27,2.52,A
2020-2021,2021-04-24,Sheffield United,Brighton,1,0,0.79,2.06,H
2020-2021,2021-04-25,Wolverhampton Wanderers,Burnley,0,4,0.35,2.24,A
2020-2021,2021-04-25,Leeds,Manchester United,0,0,0.22,1.12,D
2020-2021,2021-04-25,Aston Villa,West Bromwich Albion,2,2,2.65,1.57,D
2020-2021,2021-04-26,Leicester,Crystal Palace,2,1,1.23,0.72,H
2020-2021,2021-04-30,Southampton,Leicester,1,1,0.95,2.52,D
2020-2021,2021-05-01,Chelsea,Fulham,2,0,1.84,0.29,H
2020-2021,2021-05-01,Everton,Aston Villa,1,2,1.22,1.59,A
2020-2021,2021-05-01,Crystal Palace,Manchester City,0,2,0.36,2.04,A
2020-2021,2021-05-01,Brighton,Leeds,2,0,2.53,0.51,H
2020-2021,2021-05-02,Newcastle United,Arsenal,0,2,0.17,1.79,A
2020-2021,2021-05-02,Tottenham,Sheffield United,4,0,2.26,0.47,H
2020-2021,2021-05-03,West Bromwich Albion,Wolverhampton Wanderers,1,1,1.07,0.84,D
2020-2021,2021-05-03,Burnley,West Ham,1,2,1.68,2.42,A
2020-2021,2021-05-07,Leicester,Newcastle United,2,4,2.31,2.87,A
2020-2021,2021-05-08,Leeds,Tottenham,3,1,2.55,1.03,H
2020-2021,2021-05-08,Sheffield United,Crystal Palace,0,2,0.64,2.25,A
2020-2021,2021-05-08,Manchester City,Chelsea,1,2,1.79,0.62,A
2020-2021,2021-05-08,Liverpool,Southampton,2,0,2.26,1.23,H
2020-2021,2021-05-09,Arsenal,West Bromwich Albion,3,1,1.07,1.83,H
2020-2021,2021-05-09,West Ham,Everton,0,1,1.1,1.56,A
2020-2021,2021-05-09,Wolverhampton Wanderers,Brighton,2,1,1.12,0.28,H
2020-2021,2021-05-09,Aston Villa,Manchester United,1,3,0.57,1.89,A
2020-2021,2021-05-10,Fulham,Burnley,0,2,0.78,1.66,A
2020-2021,2021-05-11,Manchester United,Leicester,1,2,0.21,0.99,A
2020-2021,2021-05-11,Southampton,Crystal Palace,3,1,1.59,1.33,H
2020-2021,2021-05-12,Chelsea,Arsenal,0,1,1.57,0.69,A
2020-2021,2021-05-13,Manchester United,Liverpool,2,4,1.71,2.94,A
2020-2021,2021-05-13,Aston Villa,Everton,0,0,0.56,0.98,D
2020-2021,2021-05-14,Newcastle United,Manchester City,3,4,2.18,1.48,A
2020-2021,2021-05-15,Southampton,Fulham,3,1,2.29,0.88,H
2020-2021,2021-05-15,Brighton,West Ham,1,1,0.92,1.92,D
2020-2021,2021-05-15,Burnley,Leeds,0,4,1.41,1.86,A
2020-2021,2021-05-16,Crystal Palace,Aston Villa,3,2,1.95,1.23,H
2020-2021,2021-05-16,Tottenham,Wolverhampton Wanderers,2,0,3.14,1.09,H
2020-2021,2021-05-16,West Bromwich Albion,Liverpool,1,2,1.14,2.08,A
2020-2021,2021-05-16,Everton,Sheffield United,0,1,1.25,1.39,A
2020-2021,2021-05-18,Manchester United,Fulham,1,1,0.92,0.87,D
2020-2021,2021-05-18,Southampton,Leeds,0,2,1.31,1.58,A
2020-2021,2021-05-18,Brighton,Manchester City,3,2,1.23,1.07,H
2020-2021,2021-05-18,Chelsea,Leicester,2,1,2.86,0.83,H
2020-2021,2021-05-19,Crystal Palace,Arsenal,1,3,1.0,1.79,A
2020-2021,2021-05-19,West Bromwich Albion,West Ham,1,3,1.11,3.57,A
2020-2021,2021-05-19,Burnley,Liverpool,0,3,0.84,2.73,A
2020-2021,2021-05-19,Everton,Wolverhampton Wanderers,1,0,0.67,0.27,H
2020-2021,2021-05-19,Newcastle United,Sheffield United,1,0,1.83,0.88,H
2020-2021,2021-05-19,Tottenham,Aston Villa,1,2,0.89,1.64,A
2020-2021,2021-05-23,Liverpool,Crystal Palace,2,0,2.2,0.77,H
2020-2021,2021-05-23,Sheffield United,Burnley,1,0,0.42,0.56,H
2020-2021,2021-05-23,Manchester City,Everton,5,0,2.88,1.07,H
2020-2021,2021-05-23,Leicester,Tottenham,2,4,1.83,1.85,A
2020-2021,2021-05-23,West Ham,Southampton,3,0,1.98,1.35,H
2020-2021,2021-05-23,Fulham,Newcastle United,0,2,0.99,1.6,A
2020-2021,2021-05-23,Aston Villa,Chelsea,2,1,0.98,3.43,H
2020-2021,2021-05-23,Arsenal,Brighton,2,0,0.77,0.19,H
2020-2021,2021-05-23,Leeds,West Bromwich Albion,3,1,2.49,1.02,H
2020-2021,2021-05-23,Wolverhampton Wanderers,Manchester United,1,2,0.7,2.05,A
2021-2022,2021-08-13,Brentford,Arsenal,2,0,1.89,1.02,H
2021-2022,2021-08-14,Manchester United,Leeds,5,1,1.64,0.57,H
2021-2022,2021-08-14,Burnley,Brighton,1,2,1.8,1.69,A
2021-2022,2021-08-14,Chelsea,Crystal Palace,3,0,1.19,0.32,H
2021-2022,2021-08-14,Everton,Southampton,3,1,2.39,0.58,H
2021-2022,2021-08-14,Leicester,Wolverhampton Wanderers,1,0,0.67,1.33,H
2021-2022,2021-08-14,Watford,Aston Villa,3,2,1.35,1.14,H
2021-2022,2021-08-14,Norwich,Liverpool,0,3,1.33,1.79,A
2021-2022,2021-08-15,Newcastle United,West Ham,2,4,1.68,3.01,A
2021-2022,2021-08-15,Tottenham,Manchester City,1,0,1.06,2.11,H
2021-2022,2021-08-21,Brighton,Watford,2,0,1.78,0.41,H
2021-2022,2021-08-21,Leeds,Everton,2,2,0.97,1.86,D
2021-2022,2021-08-21,Crystal Palace,Brentford,0,0,0.61,0.71,D
2021-2022,2021-08-21,Manchester City,Norwich,5,0,2.44,0.03,H
2021-2022,2021-08-21,Liverpool,Burnley,2,0,2.64,0.69,H
2021-2022,2021-08-21,Aston Villa,Newcastle United,2,0,1.18,0.63,H
2021-2022,2021-08-22,Southampton,Manchester United,1,1,0.59,2.26,D
2021-2022,2021-08-22,Wolverhampton Wanderers,Tottenham,0,1,1.51,1.73,A
2021-2022,2021-08-22,Arsenal,Chelsea,0,2,0.63,3.64,A
2021-2022,2021-08-23,West Ham,Leicester,4,1,2.29,0.63,H
2021-2022,2021-08-28,West Ham,Crystal Palace,2,2,1.45,1.68,D
2021-2022,2021-08-28,Liverpool,Chelsea,1,1,2.08,0.57,D
2021-2022,2021-08-28,Brighton,Everton,0,2,0.7,1.55,A
2021-2022,2021-08-28,Newcastle United,Southampton,2,2,1.19,3.46,D
2021-2022,2021-08-28,Norwich,Leicester,1,2,1.44,1.27,A
2021-2022,2021-08-28,Manchester City,Arsenal,5,0,4.47,0.12,H
2021-2022,2021-08-28,Aston Villa,Brentford,1,1,0.43,1.13,D
2021-2022,2021-08-29,Burnley,Leeds,1,1,1.71,1.52,D
2021-2022,2021-08-29,Tottenham,Watford,1,0,0.92,0.6,H
2021-2022,2021-08-29,Wolverhampton Wanderers,Manchester United,0,1,1.8,0.94,A
2021-2022,2021-09-11,Chelsea,Aston Villa,3,0,1.22,1.17,H
2021-2022,2021-09-11,Watford,Wolverhampton Wanderers,0,2,0.19,2.56,A
2021-2022,2021-09-11,Southampton,West Ham,0,0,0.69,0.73,D
2021-2022,2021-09-11,Manchester United,Newcastle United,4,1,2.77,0.62,H
2021-2022,2021-09-11,Leicester,Manchester City,0,1,0.8,2.75,A
2021-2022,2021-09-11,Arsenal,Norwich,1,0,2.69,0.58,H
2021-2022,2021-09-11,Crystal Palace,Tottenham,3,0,2.89,0.08,H
2021-2022,2021-09-11,Brentford,Brighton,0,1,0.73,0.29,A
2021-2022,2021-09-12,Leeds,Liverpool,0,3,0.65,4.4,A
2021-2022,2021-09-13,Everton,Burnley,3,1,1.8,1.82,H
2021-2022,2021-09-17,Newcastle United,Leeds,1,1,1.18,1.43,D
2021-2022,2021-09-18,Manchester City,Southampton,0,0,1.22,0.49,D
2021-2022,2021-09-18,Liverpool,Crystal Palace,3,0,2.77,0.64,H
2021-2022,2021-09-18,Aston Villa,Everton,3,0,0.78,0.76,H
2021-2022,2021-09-18,Norwich,Watford,1,3,0.78,2.42,A
2021-2022,2021-09-18,Burnley,Arsenal,0,1,0.78,1.1,A
2021-2022,2021-09-18,Wolverhampton Wanderers,Brentford,0,2,1.02,2.33,A
2021-2022,2021-09-19,Brighton,Leicester,2,1,1.47,1.25,H
2021-2022,2021-09-19,West Ham,Manchester United,1,2,1.67,1.9,A
2021-2022,2021-09-19,Tottenham,Chelsea,0,3,0.71,2.59,A
2021-2022,2021-09-25,Brentford,Liverpool,3,3,2.94,2.26,D
2021-2022,2021-09-25,Leeds,West Ham,1,2,1.2,1.99,A
2021-2022,2021-09-25,Everton,Norwich,2,0,2.27,0.8,H
2021-2022,2021-09-25,Leicester,Burnley,2,2,2.16,0.43,D
2021-2022,2021-09-25,Manchester United,Aston Villa,0,1,1.93,1.57,A
2021-2022,2021-09-25,Chelsea,Manchester City,0,1,0.19,1.69,A
2021-2022,2021-09-25,Watford,Newcastle United,1,1,0.9,2.52,D
2021-2022,2021-09-26,Southampton,Wolverhampton Wanderers,0,1,0.91,0.91,A
2021-2022,2021-09-26,Arsenal,Tottenham,3,1,1.44,0.98,H
2021-2022,2021-09-27,Crystal Palace,Brighton,1,1,1.37,0.65,D
2021-2022,2021-10-02,Brighton,Arsenal,0,0,1.12,0.36,D
2021-2022,2021-10-02,Manchester United,Everton,1,1,1.05,1.32,D
2021-2022,2021-10-02,Burnley,Norwich,0,0,0.58,0.67,D
2021-2022,2021-10-02,Chelsea,Southampton,3,1,3.79,1.53,H
2021-2022,2021-10-02,Leeds,Watford,1,0,1.57,0.19,H
2021-2022,2021-10-02,Wolverhampton Wanderers,Newcastle United,2,1,1.16,0.87,H
2021-2022,2021-10-03,Liverpool,Manchester City,2,2,0.95,1.04,D
2021-2022,2021-10-03,West Ham,Brentford,1,2,1.37,1.3,A
2021-2022,2021-10-03,Crystal Palace,Leicester,2,2,1.17,1.04,D
2021-2022,2021-10-03,Tottenham,Aston Villa,2,1,1.78,1.07,H
2021-2022,2021-10-16,Watford,Liverpool,0,5,0.3,3.66,A
2021-2022,2021-10-16,Aston Villa,Wolverhampton Wanderers,2,3,1.21,2.2,A
2021-2022,2021-10-16,Leicester,Manchester United,4,2,2.97,1.02,H
2021-2022,2021-10-16,Manchester City,Burnley,2,0,2.16,1.08,H
2021-2022,2021-10-16,Norwich,Brighton,0,0,1.16,1.18,D
2021-2022,2021-10-16,Southampton,Leeds,1,0,1.83,0.45,H
2021-2022,2021-10-16,Brentford,Chelsea,0,1,1.62,0.25,A
2021-2022,2021-10-17,Everton,West Ham,0,1,0.85,2.03,A
2021-2022,2021-10-17,Newcastle United,Tottenham,2,3,0.65,1.55,A
2021-2022,2021-10-18,Arsenal,Crystal Palace,2,2,1.74,0.49,D
2021-2022,2021-10-22,Arsenal,Aston Villa,3,1,3.5,1.41,H
2021-2022,2021-10-23,Chelsea,Norwich,7,0,3.11,0.27,H
2021-2022,2021-10-23,Crystal Palace,Newcastle United,1,1,2.26,0.72,D
2021-2022,2021-10-23,Everton,Watford,2,5,1.84,3.1,A
2021-2022,2021-10-23,Leeds,Wolverhampton Wanderers,1,1,1.71,0.86,D
2021-2022,2021-10-23,Southampton,Burnley,2,2,1.43,0.67,D
2021-2022,2021-10-23,Brighton,Manchester City,1,4,1.17,3.57,A
2021-2022,2021-10-24,Brentford,Leicester,1,2,1.17,1.0,A
2021-2022,2021-10-24,West Ham,Tottenham,1,0,1.73,0.67,H
2021-2022,2021-10-24,Manchester United,Liverpool,0,5,1.36,4.05,A
2021-2022,2021-10-30,Tottenham,Manchester United,0,3,1.16,1.39,A
2021-2022,2021-10-30,Watford,Southampton,0,1,0.85,1.91,A
2021-2022,2021-10-30,Newcastle United,Chelsea,0,3,0.16,2.17,A
2021-2022,2021-10-30,Manchester City,Crystal Palace,0,2,0.66,1.05,A
2021-2022,2021-10-30,Liverpool,Brighton,2,2,1.4,1.51,D
2021-2022,2021-10-30,Burnley,Brentford,3,1,2.73,0.83,H
2021-2022,2021-10-30,Leicester,Arsenal,0,2,1.99,1.1,A
2021-2022,2021-10-31,Norwich,Leeds,1,2,0.66,1.17,A
2021-2022,2021-10-31,Aston Villa,West Ham,1,4,0.69,2.66,A
2021-2022,2021-11-01,Wolverhampton Wanderers,Everton,2,1,1.69,1.7,H
2021-2022,2021-11-05,Southampton,Aston Villa,1,0,0.9,0.54,H
2021-2022,2021-11-06,Brighton,Newcastle United,1,1,1.43,0.23,D
2021-2022,2021-11-06,Crystal Palace,Wolverhampton Wanderers,2,0,2.65,0.25,H
2021-2022,2021-11-06,Chelsea,Burnley,1,1,3.01,0.67,D
2021-2022,2021-11-06,Brentford,Norwich,1,2,2.79,1.16,A
2021-2022,2021-11-06,Manchester United,Manchester City,0,2,0.76,2.04,A
2021-2022,2021-11-07,Arsenal,Watford,1,0,1.49,0.49,H
2021-2022,2021-11-07,Everton,Tottenham,0,0,0.6,0.8,D
2021-2022,2021-11-07,Leeds,Leicester,1,1,1.97,0.8,D
2021-2022,2021-11-07,West Ham,Liverpool,3,2,1.25,1.46,H
2021-2022,2021-11-20,Wolverhampton Wanderers,West Ham,1,0,1.32,0.44,H
2021-2022,2021-11-20,Watford,Manchester United,4,1,2.73,1.67,H
2021-2022,2021-11-20,Norwich,Southampton,2,1,0.44,1.13,H
2021-2022,2021-11-20,Liverpool,Arsenal,4,0,3.97,0.27,H
2021-2022,2021-11-20,Burnley,Crystal Palace,3,3,1.04,1.75,D
2021-2022,2021-11-20,Aston Villa,Brighton,2,0,1.07,0.58,H
2021-2022,2021-11-20,Leicester,Chelsea,0,3,0.5,2.57,A
2021-2022,2021-11-20,Newcastle United,Brentford,3,3,2.18,1.23,D
2021-2022,2021-11-21,Manchester City,Everton,3,0,2.61,0.27,H
2021-2022,2021-11-21,Tottenham,Leeds,2,1,2.32,1.47,H
2021-2022,2021-11-27,Arsenal,Newcastle United,2,0,2.84,0.19,H
2021-2022,2021-11-27,Crystal Palace,Aston Villa,1,2,0.96,0.45,A
2021-2022,2021-11-27,Liverpool,Southampton,4,0,3.07,0.97,H
2021-2022,2021-11-27,Norwich,Wolverhampton Wanderers,0,0,1.4,0.3,D
2021-2022,2021-11-27,Brighton,Leeds,0,0,1.9,0.86,D
2021-2022,2021-11-28,Chelsea,Manchester United,1,1,2.35,0.56,D
2021-2022,2021-11-28,Manchester City,West Ham,2,1,2.72,0.17,H
2021-2022,2021-11-28,Brentford,Everton,1,0,1.2,0.97,H
2021-2022,2021-11-28,Leicester,Watford,4,2,2.16,2.38,H
2021-2022,2021-11-30,Newcastle United,Norwich,1,1,1.16,1.51,D
2021-2022,2021-11-30,Leeds,Crystal Palace,1,0,1.98,0.71,H
2021-2022,2021-12-01,Watford,Chelsea,1,2,0.99,0.91,A
2021-2022,2021-12-01,West Ham,Brighton,1,1,1.15,1.26,D
2021-2022,2021-12-01,Wolverhampton Wanderers,Burnley,0,0,0.71,0.2,D
2021-2022,2021-12-01,Southampton,Leicester,2,2,1.91,1.44,D
2021-2022,2021-12-01,Aston Villa,Manchester City,1,2,0.77,1.02,A
2021-2022,2021-12-01,Everton,Liverpool,1,4,0.51,2.86,A
2021-2022,2021-12-02,Tottenham,Brentford,2,0,2.07,0.23,H
2021-2022,2021-12-02,Manchester United,Arsenal,3,2,1.86,1.17,H
2021-2022,2021-12-04,Watford,Manchester City,1,3,0.68,4.03,A
2021-2022,2021-12-04,Wolverhampton Wanderers,Liverpool,0,1,0.1,2.42,A
2021-2022,2021-12-04,Newcastle United,Burnley,1,0,1.71,0.6,H
2021-2022,2021-12-04,Southampton,Brighton,1,1,1.34,1.49,D
2021-2022,2021-12-04,West Ham,Chelsea,3,2,2.02,1.37,H
2021-2022,2021-12-05,Leeds,Brentford,2,2,1.42,1.2,D
2021-2022,2021-12-05,Manchester United,Crystal Palace,1,0,0.87,0.52,H
2021-2022,2021-12-05,Tottenham,Norwich,3,0,2.01,1.07,H
2021-2022,2021-12-05,Aston Villa,Leicester,2,1,1.85,0.98,H
2021-2022,2021-12-06,Everton,Arsenal,2,1,1.06,1.06,H
2021-2022,2021-12-10,Brentford,Watford,2,1,1.83,0.56,H
2021-2022,2021-12-11,Norwich,Manchester United,0,1,0.99,2.1,A
2021-2022,2021-12-11,Liverpool,Aston Villa,1,0,2.71,0.14,H
2021-2022,2021-12-11,Chelsea,Leeds,3,2,2.75,1.73,H
2021-2022,2021-12-11,Arsenal,Southampton,3,0,2.08,0.5,H
2021-2022,2021-12-11,Manchester City,Wolverhampton Wanderers,1,0,3.0,0.08,H
2021-2022,2021-12-12,Burnley,West Ham,0,0,0.55,1.0,D
2021-2022,2021-12-12,Leicester,Newcastle United,4,0,2.06,0.51,H
2021-2022,2021-12-12,Crystal Palace,Everton,3,1,2.1,1.28,H
2021-2022,2021-12-14,Norwich,Aston Villa,0,2,0.5,1.96,A
2021-2022,2021-12-14,Manchester City,Leeds,7,0,3.31,0.23,H
2021-2022,2021-12-15,Brighton,Wolverhampton Wanderers,0,1,1.2,1.12,A
2021-2022,2021-12-15,Crystal Palace,Southampton,2,2,1.49,0.63,D
2021-2022,2021-12-15,Arsenal,West Ham,2,0,2.81,0.34,H
2021-2022,2021-12-16,Liverpool,Newcastle United,3,1,2.94,0.21,H
2021-2022,2021-12-16,Chelsea,Everton,1,1,3.2,0.63,D
2021-2022,2021-12-18,Leeds,Arsenal,1,4,1.31,3.69,A
2021-2022,2021-12-19,Wolverhampton Wanderers,Chelsea,0,0,0.32,0.79,D
2021-2022,2021-12-19,Newcastle United,Manchester City,0,4,0.17,3.65,A
2021-2022,2021-12-19,Tottenham,Liverpool,2,2,2.8,1.55,D
2021-2022,2021-12-26,Aston Villa,Chelsea,1,3,0.47,2.83,A
2021-2022,2021-12-26,Brighton,Brentford,2,0,0.94,1.1,H
2021-2022,2021-12-26,West Ham,Southampton,2,3,1.54,1.36,A
2021-2022,2021-12-26,Norwich,Arsenal,0,5,0.15,2.88,A
2021-2022,2021-12-26,Manchester City,Leicester,6,3,3.83,2.43,H
2021-2022,2021-12-26,Tottenham,Crystal Palace,3,0,2.82,0.18,H
2021-2022,2021-12-27,Newcastle United,Manchester United,1,1,1.27,1.76,D
2021-2022,2021-12-28,Watford,West Ham,1,4,1.01,2.84,A
2021-2022,2021-12-28,Crystal Palace,Norwich,3,0,2.39,0.59,H
2021-2022,2021-12-28,Southampton,Tottenham,1,1,0.35,2.81,D
2021-2022,2021-12-28,Leicester,Liverpool,1,0,0.62,2.73,H
2021-2022,2021-12-29,Chelsea,Brighton,1,1,0.76,0.79,D
2021-2022,2021-12-29,Brentford,Manchester City,0,1,0.24,1.02,A
2021-2022,2021-12-30,Manchester United,Burnley,3,1,1.81,0.87,H
2021-2022,2022-01-01,Watford,Tottenham,0,1,0.3,1.94,A
2021-2022,2022-01-01,Crystal Palace,West Ham,2,3,2.69,2.23,A
2021-2022,2022-01-01,Arsenal,Manchester City,1,2,0.84,1.95,A
2021-2022,2022-01-02,Leeds,Burnley,3,1,2.04,0.96,H
2021-2022,2022-01-02,Chelsea,Liverpool,2,2,1.39,1.79,D
2021-2022,2022-01-02,Brentford,Aston Villa,2,1,0.5,1.14,H
2021-2022,2022-01-02,Everton,Brighton,2,3,1.83,1.48,A
2021-2022,2022-01-03,Manchester United,Wolverhampton Wanderers,0,1,0.77,0.84,A
2021-2022,2022-01-11,Southampton,Brentford,4,1,1.59,0.62,H
2021-2022,2022-01-12,West Ham,Norwich,2,0,2.89,0.34,H
2021-2022,2022-01-14,Brighton,Crystal Palace,1,1,2.18,0.51,D
2021-2022,2022-01-15,Manchester City,Chelsea,1,0,0.9,0.61,H
2021-2022,2022-01-15,Newcastle United,Watford,1,1,1.04,1.5,D
2021-2022,2022-01-15,Norwich,Everton,2,1,1.0,0.54,H
2021-2022,2022-01-15,Wolverhampton Wanderers,Southampton,3,1,2.3,0.92,H
2021-2022,2022-01-15,Aston Villa,Manchester United,2,2,1.83,1.35,D
2021-2022,2022-01-16,West Ham,Leeds,2,3,2.35,2.27,A
2021-2022,2022-01-16,Liverpool,Brentford,3,0,3.49,0.38,H
2021-2022,2022-01-18,Brighton,Chelsea,1,1,0.75,0.57,D
2021-2022,2022-01-19,Leicester,Tottenham,2,3,1.95,4.25,A
2021-2022,2022-01-19,Brentford,Manchester United,1,3,2.08,2.06,A
2021-2022,2022-01-21,Watford,Norwich,0,3,1.31,0.93,A
2021-2022,2022-01-22,Everton,Aston Villa,0,1,1.24,0.86,A
2021-2022,2022-01-22,Brentford,Wolverhampton Wanderers,1,2,0.74,0.22,A
2021-2022,2022-01-22,Leeds,Newcastle United,0,1,1.13,1.16,A
2021-2022,2022-01-22,Manchester United,West Ham,1,0,1.76,0.24,H
2021-2022,2022-01-22,Southampton,Manchester City,1,1,1.0,1.63,D
2021-2022,2022-01-23,Chelsea,Tottenham,2,0,1.04,0.33,H
2021-2022,2022-01-23,Leicester,Brighton,1,1,1.71,1.2,D
2021-2022,2022-01-23,Arsenal,Burnley,0,0,1.36,0.39,D
2021-2022,2022-01-23,Crystal Palace,Liverpool,1,3,1.63,1.5,A
2021-2022,2022-02-05,Burnley,Watford,0,0,0.77,0.93,D
2021-2022,2022-02-08,West Ham,Watford,1,0,0.91,0.34,H
2021-2022,2022-02-08,Newcastle United,Everton,3,1,2.69,0.82,H
2021-2022,2022-02-08,Burnley,Manchester United,1,1,0.77,1.83,D
2021-2022,2022-02-09,Norwich,Crystal Palace,1,1,0.3,1.23,D
2021-2022,2022-02-09,Tottenham,Southampton,2,3,1.74,1.73,A
2021-2022,2022-02-09,Manchester City,Brentford,2,0,1.98,0.46,H
2021-2022,2022-02-09,Aston Villa,Leeds,3,3,1.5,2.53,D
2021-2022,2022-02-10,Liverpool,Leicester,2,0,2.73,0.54,H
2021-2022,2022-02-10,Wolverhampton Wanderers,Arsenal,0,1,0.64,1.45,A
2021-2022,2022-02-12,Norwich,Manchester City,0,4,0.36,4.45,A
2021-2022,2022-02-12,Watford,Brighton,0,2,0.53,1.8,A
2021-2022,2022-02-12,Manchester United,Southampton,1,1,2.99,0.68,D
2021-2022,2022-02-12,Brentford,Crystal Palace,0,0,1.98,0.5,D
2021-2022,2022-02-12,Everton,Leeds,3,0,2.59,0.24,H
2021-2022,2022-02-13,Burnley,Liverpool,0,1,1.16,1.96,A
2021-2022,2022-02-13,Newcastle United,Aston Villa,1,0,0.53,0.46,H
2021-2022,2022-02-13,Tottenham,Wolverhampton Wanderers,0,2,0.84,1.87,A
2021-2022,2022-02-13,Leicester,West Ham,2,2,1.41,0.75,D
2021-2022,2022-02-15,Manchester United,Brighton,2,0,2.75,1.26,H
2021-2022,2022-02-19,Southampton,Everton,2,0,2.73,0.2,H
2021-2022,2022-02-19,Liverpool,Norwich,3,1,3.15,0.67,H
2021-2022,2022-02-19,Manchester City,Tottenham,2,3,2.32,2.0,A
2021-2022,2022-02-19,Crystal Palace,Chelsea,0,1,0.62,1.12,A
2021-2022,2022-02-19,Arsenal,Brentford,2,1,1.52,0.64,H
2021-2022,2022-02-19,Aston Villa,Watford,0,1,1.03,1.82,A
2021-2022,2022-02-19,West Ham,Newcastle United,1,1,0.85,0.93,D
2021-2022,2022-02-19,Brighton,Burnley,0,3,0.45,0.82,A
2021-2022,2022-02-20,Leeds,Manchester United,2,4,1.74,2.61,A
2021-2022,2022-02-20,Wolverhampton Wanderers,Leicester,2,1,0.47,1.55,H
2021-2022,2022-02-23,Burnley,Tottenham,1,0,1.56,0.69,H
2021-2022,2022-02-23,Watford,Crystal Palace,1,4,1.72,0.82,A
2021-2022,2022-02-23,Liverpool,Leeds,6,0,5.33,0.14,H
2021-2022,2022-02-24,Arsenal,Wolverhampton Wanderers,2,1,2.51,1.11,H
2021-2022,2022-02-25,Southampton,Norwich,2,0,3.09,0.42,H
2021-2022,2022-02-26,Everton,Manchester City,0,1,0.77,1.93,A
2021-2022,2022-02-26,Brighton,Aston Villa,0,2,0.63,1.3,A
2021-2022,2022-02-26,Manchester United,Watford,0,0,2.41,0.44,D
2021-2022,2022-02-26,Brentford,Newcastle United,0,2,0.49,2.25,A
2021-2022,2022-02-26,Crystal Palace,Burnley,1,1,1.04,0.26,D
2021-2022,2022-02-26,Leeds,Tottenham,0,4,1.9,2.47,A
2021-2022,2022-02-27,West Ham,Wolverhampton Wanderers,1,0,1.62,0.89,H
2021-2022,2022-03-01,Burnley,Leicester,0,2,1.04,1.8,A
2021-2022,2022-03-05,Liverpool,West Ham,1,0,2.19,1.34,H
2021-2022,2022-03-05,Norwich,Brentford,1,3,0.77,2.22,A
2021-2022,2022-03-05,Wolverhampton Wanderers,Crystal Palace,0,2,0.71,2.54,A
2021-2022,2022-03-05,Newcastle United,Brighton,2,1,1.58,1.65,H
2021-2022,2022-03-05,Aston Villa,Southampton,4,0,2.85,1.33,H
2021-2022,2022-03-05,Leicester,Leeds,1,0,0.36,2.14,H
2021-2022,2022-03-05,Burnley,Chelsea,0,4,0.85,2.29,A
2021-2022,2022-03-06,Watford,Arsenal,2,3,1.3,1.0,A
2021-2022,2022-03-06,Manchester City,Manchester United,4,1,2.74,0.36,H
2021-2022,2022-03-07,Tottenham,Everton,5,0,3.24,0.21,H
2021-2022,2022-03-10,Wolverhampton Wanderers,Watford,4,0,1.55,0.5,H
2021-2022,2022-03-10,Southampton,Newcastle United,1,2,1.8,0.81,A
2021-2022,2022-03-10,Norwich,Chelsea,1,3,0.97,2.13,A
2021-2022,2022-03-10,Leeds,Aston Villa,0,3,0.19,1.27,A
2021-2022,2022-03-12,Manchester United,Tottenham,3,2,1.02,1.62,H
2021-2022,2022-03-12,Brighton,Liverpool,0,2,0.63,2.48,A
2021-2022,2022-03-12,Brentford,Burnley,2,0,1.82,0.83,H
2021-2022,2022-03-13,Chelsea,Newcastle United,1,0,1.07,0.25,H
2021-2022,2022-03-13,Everton,Wolverhampton Wanderers,0,1,0.4,0.71,A
2021-2022,2022-03-13,Leeds,Norwich,2,1,3.12,1.4,H
2021-2022,2022-03-13,Southampton,Watford,1,2,1.26,1.29,A
2021-2022,2022-03-13,West Ham,Aston Villa,2,1,1.58,1.05,H
2021-2022,2022-03-13,Arsenal,Leicester,2,0,2.94,0.55,H
2021-2022,2022-03-14,Crystal Palace,Manchester City,0,0,0.47,2.04,D
2021-2022,2022-03-16,Brighton,Tottenham,0,2,1.04,2.05,A
2021-2022,2022-03-16,Arsenal,Liverpool,0,2,0.53,1.28,A
2021-2022,2022-03-17,Everton,Newcastle United,1,0,0.71,0.76,H
2021-2022,2022-03-18,Wolverhampton Wanderers,Leeds,2,3,1.24,2.82,A
2021-2022,2022-03-19,Aston Villa,Arsenal,0,1,0.31,1.15,A
2021-2022,2022-03-20,Leicester,Brentford,2,1,1.28,1.72,H
2021-2022,2022-03-20,Tottenham,West Ham,3,1,2.55,0.64,H
2021-2022,2022-04-02,Brighton,Norwich,0,0,2.38,0.49,D
2021-2022,2022-04-02,Burnley,Manchester City,0,2,0.06,1.62,A
2021-2022,2022-04-02,Chelsea,Brentford,1,4,1.29,2.43,A
2021-2022,2022-04-02,Manchester United,Leicester,1,1,0.9,1.08,D
2021-2022,2022-04-02,Wolverhampton Wanderers,Aston Villa,2,1,1.62,1.91,H
2021-2022,2022-04-02,Liverpool,Watford,2,0,2.24,0.75,H
2021-2022,2022-04-02,Leeds,Southampton,1,1,1.51,2.06,D
2021-2022,2022-04-03,West Ham,Everton,2,1,1.5,0.66,H
2021-2022,2022-04-03,Tottenham,Newcastle United,5,1,3.61,0.54,H
2021-2022,2022-04-04,Crystal Palace,Arsenal,3,0,1.4,1.05,H
2021-2022,2022-04-06,Burnley,Everton,3,2,2.24,2.32,H
2021-2022,2022-04-08,Newcastle United,Wolverhampton Wanderers,1,0,1.44,0.31,H
2021-2022,2022-04-09,Aston Villa,Tottenham,0,4,1.49,0.98,A
2021-2022,2022-04-09,Everton,Manchester United,1,0,0.36,0.76,H
2021-2022,2022-04-09,Watford,Leeds,0,3,1.07,0.9,A
2021-2022,2022-04-09,Southampton,Chelsea,0,6,0.56,4.4,A
2021-2022,2022-04-09,Arsenal,Brighton,1,2,2.35,0.6,A
2021-2022,2022-04-10,Manchester City,Liverpool,2,2,1.35,1.3,D
2021-2022,2022-04-10,Brentford,West Ham,2,0,1.86,0.24,H
2021-2022,2022-04-10,Norwich,Burnley,2,0,1.67,1.45,H
2021-2022,2022-04-10,Leicester,Crystal Palace,2,1,0.88,1.53,H
2021-2022,2022-04-16,Tottenham,Brighton,0,1,0.59,0.71,A
2021-2022,2022-04-16,Watford,Brentford,1,2,1.5,2.12,A
2021-2022,2022-04-16,Southampton,Arsenal,1,0,1.04,1.35,H
2021-2022,2022-04-16,Manchester United,Norwich,3,2,1.67,1.8,H
2021-2022,2022-04-17,West Ham,Burnley,1,1,2.79,1.88,D
2021-2022,2022-04-17,Newcastle United,Leicester,2,1,2.54,0.54,H
2021-2022,2022-04-19,Liverpool,Manchester United,4,0,2.26,0.11,H
2021-2022,2022-04-20,Newcastle United,Crystal Palace,1,0,0.77,0.43,H
2021-2022,2022-04-20,Manchester City,Brighton,3,0,1.53,0.12,H
2021-2022,2022-04-20,Everton,Leicester,1,1,1.69,0.79,D
2021-2022,2022-04-20,Chelsea,Arsenal,2,4,0.59,1.87,A
2021-2022,2022-04-21,Burnley,Southampton,2,0,2.15,1.32,H
2021-2022,2022-04-23,Brentford,Tottenham,0,0,1.32,0.52,D
2021-2022,2022-04-23,Arsenal,Manchester United,3,1,2.54,2.04,H
2021-2022,2022-04-23,Norwich,Newcastle United,0,3,0.66,1.88,A
2021-2022,2022-04-23,Manchester City,Watford,5,1,3.68,0.43,H
2021-2022,2022-04-23,Leicester,Aston Villa,0,0,0.24,0.59,D
2021-2022,2022-04-24,Brighton,Southampton,2,2,1.87,0.93,D
2021-2022,2022-04-24,Liverpool,Everton,2,0,1.7,0.42,H
2021-2022,2022-04-24,Chelsea,West Ham,1,0,2.35,0.39,H
2021-2022,2022-04-24,Burnley,Wolverhampton Wanderers,1,0,1.27,0.59,H
2021-2022,2022-04-25,Crystal Palace,Leeds,0,0,1.62,0.37,D
2021-2022,2022-04-28,Manchester United,Chelsea,1,1,0.62,2.47,D
2021-2022,2022-04-30,Newcastle United,Liverpool,0,1,0.12,2.73,A
2021-2022,2022-04-30,Wolverhampton Wanderers,Brighton,0,3,0.53,2.91,A
2021-2022,2022-04-30,Watford,Burnley,1,2,0.79,1.37,A
2021-2022,2022-04-30,Southampton,Crystal Palace,1,2,0.65,0.76,A
2021-2022,2022-04-30,Aston Villa,Norwich,2,0,2.31,0.35,H
2021-2022,2022-04-30,Leeds,Manchester City,0,4,1.04,3.01,A
2021-2022,2022-05-01,Tottenham,Leicester,3,1,1.65,0.27,H
2021-2022,2022-05-01,Everton,Chelsea,1,0,1.12,1.21,H
2021-2022,2022-05-01,West Ham,Arsenal,1,2,0.45,0.96,A
2021-2022,2022-05-02,Manchester United,Brentford,3,0,1.84,0.68,H
2021-2022,2022-05-07,Liverpool,Tottenham,1,1,1.05,0.98,D
2021-2022,2022-05-07,Brighton,Manchester United,4,0,2.83,0.93,H
2021-2022,2022-05-07,Brentford,Southampton,3,0,3.68,0.99,H
2021-2022,2022-05-07,Crystal Palace,Watford,1,0,2.49,0.26,H
2021-2022,2022-05-07,Chelsea,Wolverhampton Wanderers,2,2,1.82,1.68,D
2021-2022,2022-05-07,Burnley,Aston Villa,1,3,1.31,1.81,A
2021-2022,2022-05-08,Norwich,West Ham,0,4,0.78,3.26,A
2021-2022,2022-05-08,Leicester,Everton,1,2,1.47,1.56,A
2021-2022,2022-05-08,Arsenal,Leeds,2,1,2.72,0.7,H
2021-2022,2022-05-08,Manchester City,Newcastle United,5,0,4.06,1.0,H
2021-2022,2022-05-10,Aston Villa,Liverpool,1,2,1.45,1.75,A
2021-2022,2022-05-11,Wolverhampton Wanderers,Manchester City,1,5,0.41,3.39,A
2021-2022,2022-05-11,Watford,Everton,0,0,0.23,0.81,D
2021-2022,2022-05-11,Leeds,Chelsea,0,3,0.5,1.47,A
2021-2022,2022-05-11,Leicester,Norwich,3,0,2.57,1.22,H
2021-2022,2022-05-12,Tottenham,Arsenal,3,0,3.43,0.39,H
2021-2022,2022-05-15,Everton,Brentford,2,3,2.7,1.82,A
2021-2022,2022-05-15,Tottenham,Burnley,1,0,2.39,0.63,H
2021-2022,2022-05-15,Wolverhampton Wanderers,Norwich,1,1,1.0,1.53,D
2021-2022,2022-05-15,West Ham,Manchester City,2,2,1.01,2.15,D
2021-2022,2022-05-15,Watford,Leicester,1,5,2.59,2.27,A
2021-2022,2022-05-15,Leeds,Brighton,1,1,2.22,2.26,D
2021-2022,2022-05-15,Aston Villa,Crystal Palace,1,1,0.8,1.39,D
2021-2022,2022-05-16,Newcastle United,Arsenal,2,0,1.68,0.49,H
2021-2022,2022-05-17,Southampton,Liverpool,1,2,0.12,1.19,A
2021-2022,2022-05-19,Chelsea,Leicester,1,1,1.62,0.04,D
2021-2022,2022-05-19,Everton,Crystal Palace,3,2,0.81,1.6,H
2021-2022,2022-05-19,Aston Villa,Burnley,1,1,1.0,1.63,D
2021-2022,2022-05-22,Crystal Palace,Manchester United,1,0,0.35,0.78,H
2021-2022,2022-05-22,Liverpool,Wolverhampton Wanderers,3,1,3.19,1.12,H
2021-2022,2022-05-22,Leicester,Southampton,4,1,3.42,1.05,H
2021-2022,2022-05-22,Chelsea,Watford,2,1,2.59,0.58,H
2021-2022,2022-05-22,Manchester City,Aston Villa,3,2,3.32,0.25,H
2021-2022,2022-05-22,Brighton,West Ham,3,1,1.68,0.27,H
2021-2022,2022-05-22,Brentford,Leeds,1,2,0.84,1.48,A
2021-2022,2022-05-22,Arsenal,Everton,5,1,4.36,1.09,H
2021-2022,2022-05-22,Burnley,Newcastle United,1,2,1.49,1.74,A
2021-2022,2022-05-22,Norwich,Tottenham,0,5,0.31,3.81,A
2022-2023,2022-08-05,Crystal Palace,Arsenal,0,2,1.21,1.44,A
2022-2023,2022-08-06,Fulham,Liverpool,2,2,1.27,2.34,D
2022-2023,2022-08-06,Bournemouth,Aston Villa,2,0,0.59,0.49,H
2022-2023,2022-08-06,Leeds,Wolverhampton Wanderers,2,1,0.89,1.1,H
2022-2023,2022-08-06,Newcastle United,Nottingham Forest,2,0,1.86,0.24,H
2022-2023,2022-08-06,Tottenham,Southampton,4,1,1.62,0.39,H
2022-2023,2022-08-06,Everton,Chelsea,0,1,0.54,1.92,A
2022-2023,2022-08-07,Manchester United,Brighton,1,2,1.42,1.73,A
2022-2023,2022-08-07,Leicester,Brentford,2,2,0.46,0.93,D
2022-2023,2022-08-07,West Ham,Manchester City,0,2,0.25,2.59,A
2022-2023,2022-08-13,Brentford,Manchester United,4,0,1.39,0.9,H
2022-2023,2022-08-13,Arsenal,Leicester,4,2,3.01,0.69,H
2022-2023,2022-08-13,Wolverhampton Wanderers,Fulham,0,0,0.98,1.09,D
2022-2023,2022-08-13,Brighton,Newcastle United,0,0,1.61,0.18,D
2022-2023,2022-08-13,Manchester City,Bournemouth,4,0,1.69,0.12,H
2022-2023,2022-08-13,Aston Villa,Everton,2,1,2.67,1.38,H
2022-2023,2022-08-13,Southampton,Leeds,2,2,1.41,2.0,D
2022-2023,2022-08-14,Nottingham Forest,West Ham,1,0,1.97,2.09,H
2022-2023,2022-08-14,Chelsea,Tottenham,2,2,1.84,1.59,D
2022-2023,2022-08-15,Liverpool,Crystal Palace,1,1,2.24,1.64,D
2022-2023,2022-08-20,Leicester,Southampton,1,2,0.24,1.24,A
2022-2023,2022-08-20,Bournemouth,Arsenal,0,3,0.21,1.71,A
2022-2023,2022-08-20,Fulham,Brentford,3,2,2.9,1.59,H
2022-2023,2022-08-20,Everton,Nottingham Forest,1,1,1.43,0.92,D
2022-2023,2022-08-20,Crystal Palace,Aston Villa,3,1,2.91,0.8,H
2022-2023,2022-08-20,Tottenham,Wolverhampton Wanderers,1,0,1.47,0.69,H
2022-2023,2022-08-21,Leeds,Chelsea,3,0,2.21,0.69,H
2022-2023,2022-08-21,West Ham,Brighton,0,2,0.77,1.83,A
2022-2023,2022-08-21,Newcastle United,Manchester City,3,3,2.21,3.67,D
2022-2023,2022-08-22,Manchester United,Liverpool,2,1,2.02,1.52,H
2022-2023,2022-08-27,Arsenal,Fulham,2,1,2.47,0.93,H
2022-2023,2022-08-27,Manchester City,Crystal Palace,4,2,2.39,0.09,H
2022-2023,2022-08-27,Chelsea,Leicester,2,1,1.75,1.96,H
2022-2023,2022-08-27,Liverpool,Bournemouth,9,0,4.86,0.18,H
2022-2023,2022-08-27,Brentford,Everton,1,1,2.28,1.65,D
2022-2023,2022-08-27,Southampton,Manchester United,0,1,1.36,1.34,A
2022-2023,2022-08-27,Brighton,Leeds,1,0,1.61,1.15,H
2022-2023,2022-08-28,Aston Villa,West Ham,0,1,0.3,0.33,A
2022-2023,2022-08-28,Wolverhampton Wanderers,Newcastle United,1,1,1.13,1.93,D
2022-2023,2022-08-28,Nottingham Forest,Tottenham,0,2,0.8,2.44,A
2022-2023,2022-08-30,Fulham,Brighton,2,1,1.07,1.75,H
2022-2023,2022-08-30,Crystal Palace,Brentford,1,1,0.78,1.62,D
2022-2023,2022-08-30,Southampton,Chelsea,2,1,1.44,1.5,H
2022-2023,2022-08-30,Leeds,Everton,1,1,1.05,1.17,D
2022-2023,2022-08-31,Liverpool,Newcastle United,2,1,1.76,0.64,H
2022-2023,2022-08-31,West Ham,Tottenham,1,1,1.52,0.72,D
2022-2023,2022-08-31,Bournemouth,Wolverhampton Wanderers,0,0,0.36,1.53,D
2022-2023,2022-08-31,Arsenal,Aston Villa,2,1,2.8,0.3,H
2022-2023,2022-08-31,Manchester City,Nottingham Forest,6,0,3.84,0.73,H
2022-2023,2022-09-01,Leicester,Manchester United,0,1,0.62,1.1,A
2022-2023,2022-09-03,Everton,Liverpool,0,0,1.39,1.39,D
2022-2023,2022-09-03,Newcastle United,Crystal Palace,0,0,2.91,0.92,D
2022-2023,2022-09-03,Nottingham Forest,Bournemouth,2,3,1.33,0.91,A
2022-2023,2022-09-03,Tottenham,Fulham,2,1,2.68,0.38,H
2022-2023,2022-09-03,Wolverhampton Wanderers,Southampton,1,0,1.1,1.21,H
2022-2023,2022-09-03,Brentford,Leeds,5,2,2.75,1.8,H
2022-2023,2022-09-03,Chelsea,West Ham,2,1,0.71,1.42,H
2022-2023,2022-09-03,Aston Villa,Manchester City,1,1,0.28,1.92,D
2022-2023,2022-09-04,Manchester United,Arsenal,3,1,2.03,1.42,H
2022-2023,2022-09-04,Brighton,Leicester,5,2,2.73,1.07,H
2022-2023,2022-09-16,Aston Villa,Southampton,1,0,1.34,0.22,H
2022-2023,2022-09-16,Nottingham Forest,Fulham,2,3,1.42,1.35,A
2022-2023,2022-09-17,Wolverhampton Wanderers,Manchester City,0,3,0.31,1.42,A
2022-2023,2022-09-17,Newcastle United,Bournemouth,1,1,1.55,0.98,D
2022-2023,2022-09-17,Tottenham,Leicester,6,2,1.99,1.59,H
2022-2023,2022-09-18,Brentford,Arsenal,0,3,0.54,1.32,A
2022-2023,2022-09-18,Everton,West Ham,1,0,0.4,0.66,H
2022-2023,2022-10-01,West Ham,Wolverhampton Wanderers,2,0,1.04,0.58,H
2022-2023,2022-10-01,Southampton,Everton,1,2,1.96,2.0,A
2022-2023,2022-10-01,Liverpool,Brighton,3,3,2.15,2.37,D
2022-2023,2022-10-01,Fulham,Newcastle United,1,4,0.68,4.67,A
2022-2023,2022-10-01,Crystal Palace,Chelsea,1,2,0.71,1.26,A
2022-2023,2022-10-01,Bournemouth,Brentford,0,0,0.76,1.05,D
2022-2023,2022-10-01,Arsenal,Tottenham,3,1,2.48,1.5,H
2022-2023,2022-10-02,Manchester City,Manchester United,6,3,3.01,1.71,H
2022-2023,2022-10-02,Leeds,Aston Villa,0,0,0.3,1.9,D
2022-2023,2022-10-03,Leicester,Nottingham Forest,4,0,1.25,1.22,H
2022-2023,2022-10-08,Bournemouth,Leicester,2,1,1.15,1.18,H
2022-2023,2022-10-08,Chelsea,Wolverhampton Wanderers,3,0,2.43,0.75,H
2022-2023,2022-10-08,Manchester City,Southampton,4,0,2.74,0.1,H
2022-2023,2022-10-08,Newcastle United,Brentford,5,1,2.45,1.13,H
2022-2023,2022-10-08,Brighton,Tottenham,0,1,0.9,0.77,A
2022-2023,2022-10-09,Everton,Manchester United,1,2,0.37,1.83,A
2022-2023,2022-10-09,Arsenal,Liverpool,3,2,2.82,0.77,H
2022-2023,2022-10-09,Crystal Palace,Leeds,2,1,1.65,1.07,H
2022-2023,2022-10-09,West Ham,Fulham,3,1,3.44,0.55,H
2022-2023,2022-10-10,Nottingham Forest,Aston Villa,1,1,0.22,0.66,D
2022-2023,2022-10-14,Brentford,Brighton,2,0,1.91,2.16,H
2022-2023,2022-10-15,Leicester,Crystal Palace,0,0,0.97,0.35,D
2022-2023,2022-10-15,Fulham,Bournemouth,2,2,1.62,1.63,D
2022-2023,2022-10-15,Wolverhampton Wanderers,Nottingham Forest,1,0,1.22,1.25,H
2022-2023,2022-10-15,Tottenham,Everton,2,0,2.49,0.56,H
2022-2023,2022-10-16,Liverpool,Manchester City,1,0,2.0,0.91,H
2022-2023,2022-10-16,Manchester United,Newcastle United,0,0,1.42,0.79,D
2022-2023,2022-10-16,Southampton,West Ham,1,1,0.52,1.71,D
2022-2023,2022-10-16,Aston Villa,Chelsea,0,2,2.45,1.24,A
2022-2023,2022-10-16,Leeds,Arsenal,0,1,2.02,0.82,A
2022-2023,2022-10-18,Brighton,Nottingham Forest,0,0,2.1,0.2,D
2022-2023,2022-10-18,Crystal Palace,Wolverhampton Wanderers,2,1,1.26,0.86,H
2022-2023,2022-10-19,Bournemouth,Southampton,0,1,0.81,1.24,A
2022-2023,2022-10-19,Brentford,Chelsea,0,0,1.45,0.56,D
2022-2023,2022-10-19,Newcastle United,Everton,1,0,1.13,0.06,H
2022-2023,2022-10-19,Liverpool,West Ham,1,0,2.24,2.49,H
2022-2023,2022-10-19,Manchester United,Tottenham,2,0,1.71,0.66,H
2022-2023,2022-10-20,Fulham,Aston Villa,3,0,2.89,0.71,H
2022-2023,2022-10-20,Leicester,Leeds,2,0,0.66,1.19,H
2022-2023,2022-10-22,Chelsea,Manchester United,1,1,1.2,0.73,D
2022-2023,2022-10-22,Manchester City,Brighton,3,1,1.86,0.53,H
2022-2023,2022-10-22,Everton,Crystal Palace,3,0,1.93,0.6,H
2022-2023,2022-10-22,Nottingham Forest,Liverpool,1,0,2.5,2.2,H
2022-2023,2022-10-23,Wolverhampton Wanderers,Leicester,0,4,1.62,0.99,A
2022-2023,2022-10-23,Aston Villa,Brentford,4,0,3.46,1.0,H
2022-2023,2022-10-23,Leeds,Fulham,2,3,1.96,2.48,A
2022-2023,2022-10-23,Southampton,Arsenal,1,1,0.62,1.58,D
2022-2023,2022-10-23,Tottenham,Newcastle United,1,2,1.57,1.13,A
2022-2023,2022-10-24,West Ham,Bournemouth,2,0,1.98,0.73,H
2022-2023,2022-10-29,Newcastle United,Aston Villa,4,0,4.19,0.27,H
2022-2023,2022-10-29,Fulham,Everton,0,0,1.76,1.19,D
2022-2023,2022-10-29,Liverpool,Leeds,1,2,1.91,1.61,A
2022-2023,2022-10-29,Crystal Palace,Southampton,1,0,1.0,1.36,H
2022-2023,2022-10-29,Leicester,Manchester City,0,1,0.69,0.7,A
2022-2023,2022-10-29,Brentford,Wolverhampton Wanderers,1,1,1.29,0.56,D
2022-2023,2022-10-29,Bournemouth,Tottenham,2,3,0.89,2.19,A
2022-2023,2022-10-29,Brighton,Chelsea,4,1,2.88,1.08,H
2022-2023,2022-10-30,Arsenal,Nottingham Forest,5,0,3.01,0.21,H
2022-2023,2022-10-30,Manchester United,West Ham,1,0,1.75,1.0,H
2022-2023,2022-11-05,Leeds,Bournemouth,4,3,2.23,1.56,H
2022-2023,2022-11-05,Manchester City,Fulham,2,1,2.39,0.84,H
2022-2023,2022-11-05,Nottingham Forest,Brentford,2,2,1.3,1.22,D
2022-2023,2022-11-05,Wolverhampton Wanderers,Brighton,2,3,1.29,1.87,A
2022-2023,2022-11-05,Everton,Leicester,0,2,1.37,2.27,A
2022-2023,2022-11-06,West Ham,Crystal Palace,1,2,0.19,1.03,A
2022-2023,2022-11-06,Chelsea,Arsenal,0,1,0.28,2.38,A
2022-2023,2022-11-06,Aston Villa,Manchester United,3,1,0.58,0.52,H
2022-2023,2022-11-06,Southampton,Newcastle United,1,4,1.65,1.42,A
2022-2023,2022-11-06,Tottenham,Liverpool,1,2,1.82,1.47,A
2022-2023,2022-11-12,Wolverhampton Wanderers,Arsenal,0,2,0.51,2.28,A
2022-2023,2022-11-12,Newcastle United,Chelsea,1,0,1.36,0.36,H
2022-2023,2022-11-12,Tottenham,Leeds,4,3,2.58,1.72,H
2022-2023,2022-11-12,West Ham,Leicester,0,2,0.72,1.61,A
2022-2023,2022-11-12,Liverpool,Southampton,3,1,2.74,1.43,H
2022-2023,2022-11-12,Manchester City,Brentford,1,2,1.6,3.29,A
2022-2023,2022-11-12,Nottingham Forest,Crystal Palace,1,0,1.24,1.15,H
2022-2023,2022-11-12,Bournemouth,Everton,3,0,2.46,0.77,H
2022-2023,2022-11-13,Brighton,Aston Villa,1,2,0.83,1.15,A
2022-2023,2022-11-13,Fulham,Manchester United,1,2,1.7,3.38,A
2022-2023,2022-12-26,Arsenal,West Ham,3,1,1.89,1.03,H
2022-2023,2022-12-26,Brentford,Tottenham,2,2,2.25,0.88,D
2022-2023,2022-12-26,Crystal Palace,Fulham,0,3,0.42,2.7,A
2022-2023,2022-12-26,Everton,Wolverhampton Wanderers,1,2,1.23,1.22,A
2022-2023,2022-12-26,Leicester,Newcastle United,0,3,0.31,1.76,A
2022-2023,2022-12-26,Southampton,Brighton,1,3,1.71,1.01,A
2022-2023,2022-12-26,Aston Villa,Liverpool,1,3,1.69,3.51,A
2022-2023,2022-12-27,Manchester United,Nottingham Forest,3,0,2.14,0.48,H
2022-2023,2022-12-27,Chelsea,Bournemouth,2,0,1.91,0.44,H
2022-2023,2022-12-28,Leeds,Manchester City,1,3,0.6,4.16,A
2022-2023,2022-12-30,West Ham,Brentford,0,2,1.14,1.51,A
2022-2023,2022-12-30,Liverpool,Leicester,2,1,2.02,0.86,H
2022-2023,2022-12-31,Wolverhampton Wanderers,Manchester United,0,1,0.59,2.45,A
2022-2023,2022-12-31,Bournemouth,Crystal Palace,0,2,0.9,1.75,A
2022-2023,2022-12-31,Fulham,Southampton,2,1,1.49,0.7,H
2022-2023,2022-12-31,Manchester City,Everton,1,1,2.36,0.08,D
2022-2023,2022-12-31,Newcastle United,Leeds,0,0,2.79,0.52,D
2022-2023,2022-12-31,Brighton,Arsenal,2,4,1.16,3.22,A
2022-2023,2023-01-01,Nottingham Forest,Chelsea,1,1,0.99,1.37,D
2022-2023,2023-01-01,Tottenham,Aston Villa,0,2,0.57,1.22,A
2022-2023,2023-01-02,Brentford,Liverpool,3,1,2.1,2.1,H
2022-2023,2023-01-03,Arsenal,Newcastle United,0,0,0.97,0.96,D
2022-2023,2023-01-03,Everton,Brighton,1,4,1.17,2.51,A
2022-2023,2023-01-03,Leicester,Fulham,0,1,1.45,1.33,A
2022-2023,2023-01-03,Manchester United,Bournemouth,3,0,2.97,0.68,H
2022-2023,2023-01-04,Southampton,Nottingham Forest,0,1,0.63,1.22,A
2022-2023,2023-01-04,Leeds,West Ham,2,2,1.26,1.29,D
2022-2023,2023-01-04,Aston Villa,Wolverhampton Wanderers,1,1,1.03,0.83,D
2022-2023,2023-01-04,Crystal Palace,Tottenham,0,4,0.79,1.67,A
2022-2023,2023-01-05,Chelsea,Manchester City,0,1,0.49,1.72,A
2022-2023,2023-01-12,Fulham,Chelsea,2,1,0.71,2.4,H
2022-2023,2023-01-13,Aston Villa,Leeds,2,1,1.65,2.46,H
2022-2023,2023-01-14,Manchester United,Manchester City,2,1,1.98,0.74,H
2022-2023,2023-01-14,Brighton,Liverpool,3,0,2.4,1.29,H
2022-2023,2023-01-14,Everton,Southampton,1,2,1.18,1.08,A
2022-2023,2023-01-14,Nottingham Forest,Leicester,2,0,1.75,0.8,H
2022-2023,2023-01-14,Wolverhampton Wanderers,West Ham,1,0,0.81,0.74,H
2022-2023,2023-01-14,Brentford,Bournemouth,2,0,1.3,0.27,H
2022-2023,2023-01-15,Chelsea,Crystal Palace,1,0,2.13,0.84,H
2022-2023,2023-01-15,Newcastle United,Fulham,1,0,1.96,0.99,H
2022-2023,2023-01-15,Tottenham,Arsenal,0,2,1.71,2.04,A
2022-2023,2023-01-18,Crystal Palace,Manchester United,1,1,0.41,1.39,D
2022-2023,2023-01-19,Manchester City,Tottenham,4,2,2.34,1.16,H
2022-2023,2023-01-21,West Ham,Everton,2,0,2.47,0.29,H
2022-2023,2023-01-21,Crystal Palace,Newcastle United,0,0,0.33,1.44,D
2022-2023,2023-01-21,Southampton,Aston Villa,0,1,0.67,1.16,A
2022-2023,2023-01-21,Liverpool,Chelsea,0,0,1.3,1.84,D
2022-2023,2023-01-21,Bournemouth,Nottingham Forest,1,1,1.81,1.58,D
2022-2023,2023-01-21,Leicester,Brighton,2,2,1.36,1.94,D
2022-2023,2023-01-22,Leeds,Brentford,0,0,0.37,0.17,D
2022-2023,2023-01-22,Manchester City,Wolverhampton Wanderers,3,0,3.33,0.47,H
2022-2023,2023-01-22,Arsenal,Manchester United,3,2,2.9,0.27,H
2022-2023,2023-01-23,Fulham,Tottenham,0,1,1.09,0.99,A
2022-2023,2023-02-03,Chelsea,Fulham,0,0,1.41,0.49,D
2022-2023,2023-02-04,Newcastle United,West Ham,1,1,1.23,1.28,D
2022-2023,2023-02-04,Wolverhampton Wanderers,Liverpool,3,0,2.63,1.3,H
2022-2023,2023-02-04,Brighton,Bournemouth,1,0,2.56,0.91,H
2022-2023,2023-02-04,Manchester United,Crystal Palace,2,1,2.07,1.38,H
2022-2023,2023-02-04,Aston Villa,Leicester,2,4,1.5,2.5,A
2022-2023,2023-02-04,Everton,Arsenal,1,0,2.09,0.69,H
2022-2023,2023-02-04,Brentford,Southampton,3,0,2.37,0.64,H
2022-2023,2023-02-05,Nottingham Forest,Leeds,1,0,0.33,1.12,H
2022-2023,2023-02-05,Tottenham,Manchester City,1,0,1.42,0.77,H
2022-2023,2023-02-08,Manchester United,Leeds,2,2,2.0,0.55,D
2022-2023,2023-02-11,Southampton,Wolverhampton Wanderers,1,2,1.3,0.62,A
2022-2023,2023-02-11,West Ham,Chelsea,1,1,1.08,0.9,D
2022-2023,2023-02-11,Arsenal,Brentford,1,1,1.37,2.18,D
2022-2023,2023-02-11,Crystal Palace,Brighton,1,1,0.93,2.65,D
2022-2023,2023-02-11,Fulham,Nottingham Forest,2,0,1.7,0.69,H
2022-2023,2023-02-11,Leicester,Tottenham,4,1,1.41,1.12,H
2022-2023,2023-02-11,Bournemouth,Newcastle United,1,1,1.54,1.55,D
2022-2023,2023-02-12,Manchester City,Aston Villa,3,1,3.61,0.28,H
2022-2023,2023-02-12,Leeds,Manchester United,0,2,1.89,1.3,A
2022-2023,2023-02-13,Liverpool,Everton,2,0,2.23,0.4,H
2022-2023,2023-02-15,Arsenal,Manchester City,1,3,1.7,2.01,A
2022-2023,2023-02-18,Aston Villa,Arsenal,2,4,0.34,2.86,A
2022-2023,2023-02-18,Brentford,Crystal Palace,1,1,0.61,1.12,D
2022-2023,2023-02-18,Brighton,Fulham,0,1,2.71,0.22,A
2022-2023,2023-02-18,Chelsea,Southampton,0,1,1.62,0.62,A
2022-2023,2023-02-18,Everton,Leeds,1,0,1.54,0.6,H
2022-2023,2023-02-18,Nottingham Forest,Manchester City,1,1,1.13,2.81,D
2022-2023,2023-02-18,Wolverhampton Wanderers,Bournemouth,0,1,0.91,1.15,A
2022-2023,2023-02-18,Newcastle United,Liverpool,0,2,1.75,2.17,A
2022-2023,2023-02-19,Tottenham,West Ham,2,0,1.43,0.37,H
2022-2023,2023-02-19,Manchester United,Leicester,3,0,4.25,1.4,H
2022-2023,2023-02-24,Fulham,Wolverhampton Wanderers,1,1,0.91,1.0,D
2022-2023,2023-02-25,Everton,Aston Villa,0,2,1.54,2.06,A
2022-2023,2023-02-25,Leeds,Southampton,1,0,0.72,0.39,H
2022-2023,2023-02-25,Leicester,Arsenal,0,1,0.02,0.72,A
2022-2023,2023-02-25,West Ham,Nottingham Forest,4,0,3.05,0.35,H
2022-2023,2023-02-25,Bournemouth,Manchester City,1,4,1.09,2.98,A
2022-2023,2023-02-25,Crystal Palace,Liverpool,0,0,0.99,1.35,D
2022-2023,2023-02-26,Tottenham,Chelsea,2,0,0.93,0.26,H
2022-2023,2023-03-01,Liverpool,Wolverhampton Wanderers,2,0,2.7,0.79,H
2022-2023,2023-03-01,Arsenal,Everton,4,0,3.07,1.6,H
2022-2023,2023-03-04,Wolverhampton Wanderers,Tottenham,1,0,0.56,1.26,H
2022-2023,2023-03-04,Southampton,Leicester,1,0,1.34,1.67,H
2022-2023,2023-03-04,Chelsea,Leeds,1,0,1.87,0.63,H
2022-2023,2023-03-04,Manchester City,Newcastle United,2,0,1.34,0.36,H
2022-2023,2023-03-04,Aston Villa,Crystal Palace,1,0,0.89,0.15,H
2022-2023,2023-03-04,Arsenal,Bournemouth,3,2,2.46,1.74,H
2022-2023,2023-03-04,Brighton,West Ham,4,0,3.5,0.25,H
2022-2023,2023-03-05,Nottingham Forest,Everton,2,2,0.8,1.71,D
2022-2023,2023-03-05,Liverpool,Manchester United,7,0,3.44,0.84,H
2022-2023,2023-03-06,Brentford,Fulham,3,2,2.44,1.68,H
2022-2023,2023-03-11,Crystal Palace,Manchester City,0,1,0.19,2.19,A
2022-2023,2023-03-11,Leicester,Chelsea,1,3,2.36,1.49,A
2022-2023,2023-03-11,Tottenham,Nottingham Forest,3,1,1.73,1.63,H
2022-2023,2023-03-11,Everton,Brentford,1,0,1.72,1.95,H
2022-2023,2023-03-11,Bournemouth,Liverpool,1,0,1.1,2.13,H
2022-2023,2023-03-11,Leeds,Brighton,2,2,0.6,1.51,D
2022-2023,2023-03-12,Fulham,Arsenal,0,3,0.62,2.64,A
2022-2023,2023-03-12,Manchester United,Southampton,0,0,0.91,1.18,D
2022-2023,2023-03-12,West Ham,Aston Villa,1,1,2.15,1.99,D
2022-2023,2023-03-12,Newcastle United,Wolverhampton Wanderers,2,1,2.46,0.71,H
2022-2023,2023-03-15,Southampton,Brentford,0,2,0.36,1.67,A
2022-2023,2023-03-15,Brighton,Crystal Palace,1,0,0.59,1.21,H
2022-2023,2023-03-17,Nottingham Forest,Newcastle United,1,2,0.53,2.5,A
2022-2023,2023-03-18,Chelsea,Everton,2,2,1.9,1.65,D
2022-2023,2023-03-18,Southampton,Tottenham,3,3,2.52,1.88,D
2022-2023,2023-03-18,Wolverhampton Wanderers,Leeds,2,4,2.76,1.65,A
2022-2023,2023-03-18,Aston Villa,Bournemouth,3,0,3.45,0.5,H
2022-2023,2023-03-18,Brentford,Leicester,1,1,0.48,1.42,D
2022-2023,2023-03-19,Arsenal,Crystal Palace,4,1,1.54,1.19,H
2022-2023,2023-04-01,Manchester City,Liverpool,4,1,3.01,0.32,H
2022-2023,2023-04-01,Arsenal,Leeds,4,1,3.3,0.5,H
2022-2023,2023-04-01,Bournemouth,Fulham,2,1,3.14,0.6,H
2022-2023,2023-04-01,Brighton,Brentford,3,3,3.82,1.28,D
2022-2023,2023-04-01,Crystal Palace,Leicester,2,1,1.93,0.2,H
2022-2023,2023-04-01,Nottingham Forest,Wolverhampton Wanderers,1,1,1.11,0.38,D
2022-2023,2023-04-01,Chelsea,Aston Villa,0,2,2.38,0.77,A
2022-2023,2023-04-02,Newcastle United,Manchester United,2,0,3.33,0.33,H
2022-2023,2023-04-02,West Ham,Southampton,1,0,1.4,0.32,H
2022-2023,2023-04-03,Everton,Tottenham,1,1,0.82,1.39,D
2022-2023,2023-04-04,Leicester,Aston Villa,1,2,0.67,1.0,A
2022-2023,2023-04-04,Bournemouth,Brighton,0,2,1.15,2.63,A
2022-2023,2023-04-04,Leeds,Nottingham Forest,2,1,2.43,0.61,H
2022-2023,2023-04-04,Chelsea,Liverpool,0,0,2.19,0.2,D
2022-2023,2023-04-05,West Ham,Newcastle United,1,5,0.83,2.84,A
2022-2023,2023-04-05,Manchester United,Brentford,1,0,1.14,0.64,H
2022-2023,2023-04-08,Tottenham,Brighton,2,1,0.59,1.48,H
2022-2023,2023-04-08,Southampton,Manchester City,1,4,0.49,3.06,A
2022-2023,2023-04-08,Wolverhampton Wanderers,Chelsea,1,0,0.6,0.82,H
2022-2023,2023-04-08,Leicester,Bournemouth,0,1,0.73,1.92,A
2022-2023,2023-04-08,Manchester United,Everton,2,0,4.39,0.95,H
2022-2023,2023-04-08,Brentford,Newcastle United,1,2,2.07,1.02,A
2022-2023,2023-04-08,Aston Villa,Nottingham Forest,2,0,1.43,0.23,H
2022-2023,2023-04-08,Fulham,West Ham,0,1,0.46,1.23,A
2022-2023,2023-04-09,Leeds,Crystal Palace,1,5,1.02,3.23,A
2022-2023,2023-04-09,Liverpool,Arsenal,2,2,4.64,1.54,D
2022-2023,2023-04-15,Manchester City,Leicester,3,1,1.61,1.93,H
2022-2023,2023-04-15,Tottenham,Bournemouth,2,3,2.31,1.21,A
2022-2023,2023-04-15,Southampton,Crystal Palace,0,2,0.68,0.86,A
2022-2023,2023-04-15,Wolverhampton Wanderers,Brentford,2,0,0.94,1.51,H
2022-2023,2023-04-15,Chelsea,Brighton,1,2,0.46,2.52,A
2022-2023,2023-04-15,Aston Villa,Newcastle United,3,0,1.92,0.43,H
2022-2023,2023-04-15,Everton,Fulham,1,3,2.24,1.92,A
2022-2023,2023-04-16,West Ham,Arsenal,2,2,1.96,2.72,D
2022-2023,2023-04-16,Nottingham Forest,Manchester United,0,2,1.05,3.34,A
2022-2023,2023-04-17,Leeds,Liverpool,1,6,1.17,2.65,A
2022-2023,2023-04-21,Arsenal,Southampton,3,3,2.4,1.43,D
2022-2023,2023-04-22,Liverpool,Nottingham Forest,3,2,3.33,0.72,H
2022-2023,2023-04-22,Fulham,Leeds,2,1,1.44,1.07,H
2022-2023,2023-04-22,Brentford,Aston Villa,1,1,2.03,1.67,D
2022-2023,2023-04-22,Crystal Palace,Everton,0,0,0.37,0.43,D
2022-2023,2023-04-22,Leicester,Wolverhampton Wanderers,2,1,2.67,0.6,H
2022-2023,2023-04-23,Newcastle United,Tottenham,6,1,3.99,0.88,H
2022-2023,2023-04-23,Bournemouth,West Ham,0,4,0.97,2.52,A
2022-2023,2023-04-25,Wolverhampton Wanderers,Crystal Palace,2,0,1.13,0.58,H
2022-2023,2023-04-25,Aston Villa,Fulham,1,0,0.84,0.08,H
2022-2023,2023-04-25,Leeds,Leicester,1,1,2.1,2.09,D
2022-2023,2023-04-26,Nottingham Forest,Brighton,3,1,2.44,2.33,H
2022-2023,2023-04-26,West Ham,Liverpool,1,2,0.94,1.7,A
2022-2023,2023-04-26,Chelsea,Brentford,0,2,1.21,0.7,A
2022-2023,2023-04-26,Manchester City,Arsenal,4,1,2.01,0.4,H
2022-2023,2023-04-27,Southampton,Bournemouth,0,1,0.48,0.99,A
2022-2023,2023-04-27,Tottenham,Manchester United,2,2,2.37,1.97,D
2022-2023,2023-04-27,Everton,Newcastle United,1,4,0.78,2.86,A
2022-2023,2023-04-29,Crystal Palace,West Ham,4,3,2.32,1.98,H
2022-2023,2023-04-29,Brentford,Nottingham Forest,2,1,1.32,0.94,H
2022-2023,2023-04-29,Brighton,Wolverhampton Wanderers,6,0,3.6,0.6,H
2022-2023,2023-04-30,Bournemouth,Leeds,4,1,2.52,1.34,H
2022-2023,2023-04-30,Fulham,Manchester City,1,2,0.43,2.32,A
2022-2023,2023-04-30,Manchester United,Aston Villa,1,0,1.31,0.43,H
2022-2023,2023-04-30,Newcastle United,Southampton,3,1,3.91,0.9,H
2022-2023,2023-04-30,Liverpool,Tottenham,4,3,2.43,1.45,H
2022-2023,2023-05-01,Leicester,Everton,2,2,3.32,3.29,D
2022-2023,2023-05-02,Arsenal,Chelsea,3,1,2.78,0.79,H
2022-2023,2023-05-03,Manchester City,West Ham,3,0,3.0,0.49,H
2022-2023,2023-05-03,Liverpool,Fulham,1,0,1.67,0.74,H
2022-2023,2023-05-04,Brighton,Manchester United,1,0,2.1,1.32,H
2022-2023,2023-05-06,Bournemouth,Chelsea,1,3,1.22,1.77,A
2022-2023,2023-05-06,Manchester City,Leeds,2,1,2.83,0.14,H
2022-2023,2023-05-06,Tottenham,Crystal Palace,1,0,1.16,0.31,H
2022-2023,2023-05-06,Wolverhampton Wanderers,Aston Villa,1,0,0.81,1.5,H
2022-2023,2023-05-06,Liverpool,Brentford,1,0,1.99,0.18,H
2022-2023,2023-05-07,West Ham,Manchester United,1,0,1.77,1.19,H
2022-2023,2023-05-07,Newcastle United,Arsenal,0,2,1.37,1.29,A
2022-2023,2023-05-08,Nottingham Forest,Southampton,4,3,1.91,3.31,H
2022-2023,2023-05-08,Brighton,Everton,1,5,3.24,2.94,A
2022-2023,2023-05-08,Fulham,Leicester,5,3,1.75,2.93,H
2022-2023,2023-05-13,Manchester United,Wolverhampton Wanderers,2,0,3.1,0.27,H
2022-2023,2023-05-13,Leeds,Newcastle United,2,2,2.02,2.35,D
2022-2023,2023-05-13,Aston Villa,Tottenham,2,1,1.8,1.19,H
2022-2023,2023-05-13,Chelsea,Nottingham Forest,2,2,1.0,1.97,D
2022-2023,2023-05-13,Crystal Palace,Bournemouth,2,0,1.4,0.26,H
2022-2023,2023-05-13,Southampton,Fulham,0,2,0.15,1.27,A
2022-2023,2023-05-14,Everton,Manchester City,0,3,1.19,1.04,A
2022-2023,2023-05-14,Arsenal,Brighton,0,3,0.96,2.21,A
2022-2023,2023-05-14,Brentford,West Ham,2,0,4.43,0.2,H
2022-2023,2023-05-15,Leicester,Liverpool,0,3,0.53,1.77,A
2022-2023,2023-05-18,Newcastle United,Brighton,4,1,4.11,0.59,H
2022-2023,2023-05-20,Tottenham,Brentford,1,3,1.62,1.15,A
2022-2023,2023-05-20,Bournemouth,Manchester United,0,1,0.82,1.72,A
2022-2023,2023-05-20,Fulham,Crystal Palace,2,2,1.96,1.71,D
2022-2023,2023-05-20,Liverpool,Aston Villa,1,1,0.92,1.47,D
2022-2023,2023-05-20,Wolverhampton Wanderers,Everton,1,1,1.29,2.47,D
2022-2023,2023-05-20,Nottingham Forest,Arsenal,1,0,1.14,0.49,H
2022-2023,2023-05-21,West Ham,Leeds,3,1,2.48,0.65,H
2022-2023,2023-05-21,Brighton,Southampton,3,1,2.41,0.86,H
2022-2023,2023-05-21,Manchester City,Chelsea,1,0,1.21,1.16,H
2022-2023,2023-05-22,Newcastle United,Leicester,0,0,2.05,0.08,D
2022-2023,2023-05-24,Brighton,Manchester City,1,1,2.11,1.93,D
2022-2023,2023-05-25,Manchester United,Chelsea,4,1,4.92,1.68,H
2022-2023,2023-05-28,Leicester,West Ham,2,1,2.03,0.97,H
2022-2023,2023-05-28,Leeds,Tottenham,1,4,1.19,2.03,A
2022-2023,2023-05-28,Everton,Bournemouth,1,0,1.13,0.43,H
2022-2023,2023-05-28,Crystal Palace,Nottingham Forest,1,1,1.01,0.44,D
2022-2023,2023-05-28,Manchester United,Fulham,2,1,2.75,1.88,H
2022-2023,2023-05-28,Brentford,Manchester City,1,0,1.44,1.19,H
2022-2023,2023-05-28,Aston Villa,Brighton,2,1,2.56,1.23,H
2022-2023,2023-05-28,Arsenal,Wolverhampton Wanderers,5,0,3.02,0.39,H
2022-2023,2023-05-28,Chelsea,Newcastle United,1,1,2.02,1.52,D
2022-2023,2023-05-28,Southampton,Liverpool,4,4,1.34,4.0,D
2023-2024,2023-08-11,Burnley,Manchester City,0,3,0.31,2.4,A
2023-2024,2023-08-12,Arsenal,Nottingham Forest,2,1,0.84,0.97,H
2023-2024,2023-08-12,Bournemouth,West Ham,1,1,1.51,1.48,D
2023-2024,2023-08-12,Brighton,Luton,4,1,4.37,1.89,H
2023-2024,2023-08-12,Everton,Fulham,0,1,2.59,1.58,A
2023-2024,2023-08-12,Sheffield United,Crystal Palace,0,1,0.42,2.28,A
2023-2024,2023-08-12,Newcastle United,Aston Villa,5,1,4.32,1.49,H
2023-2024,2023-08-13,Brentford,Tottenham,2,2,1.91,1.45,D
2023-2024,2023-08-13,Chelsea,Liverpool,1,1,1.93,1.3,D
2023-2024,2023-08-14,Manchester United,Wolverhampton Wanderers,1,0,1.97,1.72,H
2023-2024,2023-08-18,Nottingham Forest,Sheffield United,2,1,1.37,0.55,H
2023-2024,2023-08-19,Wolverhampton Wanderers,Brighton,1,4,2.69,3.16,A
2023-2024,2023-08-19,Fulham,Brentford,0,3,0.4,3.47,A
2023-2024,2023-08-19,Liverpool,Bournemouth,3,1,3.25,1.39,H
2023-2024,2023-08-19,Tottenham,Manchester United,2,0,2.54,2.45,H
2023-2024,2023-08-19,Manchester City,Newcastle United,1,0,1.23,0.26,H
2023-2024,2023-08-20,Aston Villa,Everton,4,0,3.24,0.72,H
2023-2024,2023-08-20,West Ham,Chelsea,3,1,1.71,1.61,H
2023-2024,2023-08-21,Crystal Palace,Arsenal,0,1,1.07,2.21,A
2023-2024,2023-08-25,Chelsea,Luton,3,0,3.41,0.47,H
2023-2024,2023-08-26,Brighton,West Ham,1,3,1.37,2.95,A
2023-2024,2023-08-26,Manchester United,Nottingham Forest,3,2,3.03,0.96,H
2023-2024,2023-08-26,Everton,Wolverhampton Wanderers,0,1,1.9,1.4,A
2023-2024,2023-08-26,Arsenal,Fulham,2,2,3.23,0.85,D
2023-2024,2023-08-26,Bournemouth,Tottenham,0,2,0.48,2.26,A
2023-2024,2023-08-26,Brentford,Crystal Palace,1,1,0.95,1.06,D
2023-2024,2023-08-27,Burnley,Aston Villa,1,3,0.63,2.84,A
2023-2024,2023-08-27,Sheffield United,Manchester City,1,2,0.76,3.85,A
2023-2024,2023-08-27,Newcastle United,Liverpool,1,2,1.62,0.86,A
2023-2024,2023-09-01,Luton,West Ham,1,2,2.02,1.23,A
2023-2024,2023-09-02,Brighton,Newcastle United,3,1,1.32,0.9,H
2023-2024,2023-09-02,Burnley,Tottenham,2,5,1.67,2.4,A
2023-2024,2023-09-02,Chelsea,Nottingham Forest,0,1,2.28,1.15,A
2023-2024,2023-09-02,Manchester City,Fulham,5,1,2.0,1.46,H
2023-2024,2023-09-02,Sheffield United,Everton,2,2,1.57,2.74,D
2023-2024,2023-09-02,Brentford,Bournemouth,2,2,3.07,2.11,D
2023-2024,2023-09-03,Crystal Palace,Wolverhampton Wanderers,3,2,2.33,1.14,H
2023-2024,2023-09-03,Liverpool,Aston Villa,3,0,2.73,0.62,H
2023-2024,2023-09-03,Arsenal,Manchester United,3,1,1.91,0.97,H
2023-2024,2023-09-16,Manchester United,Brighton,1,3,0.72,1.94,A
2023-2024,2023-09-16,Wolverhampton Wanderers,Liverpool,1,3,0.54,2.83,A
2023-2024,2023-09-16,Tottenham,Sheffield United,2,1,2.16,0.79,H
2023-2024,2023-09-16,West Ham,Manchester City,1,3,0.9,4.15,A
2023-2024,2023-09-16,Aston Villa,Crystal Palace,3,1,2.32,1.12,H
2023-2024,2023-09-16,Fulham,Luton,1,0,1.76,1.46,H
2023-2024,2023-09-16,Newcastle United,Brentford,1,0,1.5,0.63,H
2023-2024,2023-09-17,Bournemouth,Chelsea,0,0,1.33,1.4,D
2023-2024,2023-09-17,Everton,Arsenal,0,1,0.28,0.8,A
2023-2024,2023-09-18,Nottingham Forest,Burnley,1,1,0.71,0.81,D
2023-2024,2023-09-23,Luton,Wolverhampton Wanderers,1,1,2.24,0.76,D
2023-2024,2023-09-23,Manchester City,Nottingham Forest,2,0,1.34,0.73,H
2023-2024,2023-09-23,Crystal Palace,Fulham,0,0,0.37,0.54,D
2023-2024,2023-09-23,Brentford,Everton,1,3,1.57,2.51,A
2023-2024,2023-09-23,Burnley,Manchester United,0,1,0.94,0.84,A
2023-2024,2023-09-24,Chelsea,Aston Villa,0,1,1.2,1.13,A
2023-2024,2023-09-24,Brighton,Bournemouth,3,1,2.15,1.59,H
2023-2024,2023-09-24,Arsenal,Tottenham,2,2,2.34,2.21,D
2023-2024,2023-09-24,Liverpool,West Ham,3,1,4.14,1.54,H
2023-2024,2023-09-24,Sheffield United,Newcastle United,0,8,0.58,5.11,A
2023-2024,2023-09-30,Tottenham,Liverpool,2,1,2.19,1.12,H
2023-2024,2023-09-30,Wolverhampton Wanderers,Manchester City,2,1,0.67,0.98,H
2023-2024,2023-09-30,West Ham,Sheffield United,2,0,3.2,0.91,H
2023-2024,2023-09-30,Bournemouth,Arsenal,0,4,0.64,4.07,A
2023-2024,2023-09-30,Everton,Luton,1,2,3.65,1.51,A
2023-2024,2023-09-30,Manchester United,Crystal Palace,0,1,1.55,1.19,A
2023-2024,2023-09-30,Aston Villa,Brighton,6,1,1.91,1.73,H
2023-2024,2023-09-30,Newcastle United,Burnley,2,0,3.09,0.8,H
2023-2024,2023-10-01,Nottingham Forest,Brentford,1,1,0.8,1.76,D
2023-2024,2023-10-02,Fulham,Chelsea,0,2,0.89,1.98,A
2023-2024,2023-10-03,Luton,Burnley,1,2,1.53,0.92,A
2023-2024,2023-10-07,Manchester United,Brentford,2,1,1.29,1.03,H
2023-2024,2023-10-07,Crystal Palace,Nottingham Forest,0,0,0.98,1.22,D
2023-2024,2023-10-07,Fulham,Sheffield United,3,1,2.27,0.25,H
2023-2024,2023-10-07,Everton,Bournemouth,3,0,3.16,0.98,H
2023-2024,2023-10-07,Burnley,Chelsea,1,4,0.96,1.98,A
2023-2024,2023-10-07,Luton,Tottenham,0,1,0.85,2.38,A
2023-2024,2023-10-08,Brighton,Liverpool,2,2,2.23,2.51,D
2023-2024,2023-10-08,West Ham,Newcastle United,2,2,0.93,1.98,D
2023-2024,2023-10-08,Wolverhampton Wanderers,Aston Villa,1,1,1.76,1.82,D
2023-2024,2023-10-08,Arsenal,Manchester City,1,0,0.39,0.86,H
2023-2024,2023-10-21,Sheffield United,Manchester United,1,2,1.41,1.46,A
2023-2024,2023-10-21,Chelsea,Arsenal,2,2,1.72,1.06,D
2023-2024,2023-10-21,Newcastle United,Crystal Palace,4,0,3.73,1.09,H
2023-2024,2023-10-21,Nottingham Forest,Luton,2,2,3.28,1.5,D
2023-2024,2023-10-21,Brentford,Burnley,3,0,3.16,0.69,H
2023-2024,2023-10-21,Bournemouth,Wolverhampton Wanderers,1,2,1.02,2.3,A
2023-2024,2023-10-21,Liverpool,Everton,2,0,2.29,0.09,H
2023-2024,2023-10-21,Manchester City,Brighton,2,1,0.96,0.96,H
2023-2024,2023-10-22,Aston Villa,West Ham,4,1,2.34,0.66,H
2023-2024,2023-10-23,Tottenham,Fulham,2,0,1.64,0.75,H
2023-2024,2023-10-27,Crystal Palace,Tottenham,1,2,0.56,0.99,A
2023-2024,2023-10-28,Chelsea,Brentford,0,2,1.72,2.48,A
2023-2024,2023-10-28,Bournemouth,Burnley,2,1,1.1,0.9,H
2023-2024,2023-10-28,Arsenal,Sheffield United,5,0,3.03,0.03,H
2023-2024,2023-10-28,Wolverhampton Wanderers,Newcastle United,2,2,0.86,2.32,D
2023-2024,2023-10-29,Manchester United,Manchester City,0,3,0.71,4.55,A
2023-2024,2023-10-29,Liverpool,Nottingham Forest,3,0,2.7,0.64,H
2023-2024,2023-10-29,West Ham,Everton,0,1,0.62,0.73,A
2023-2024,2023-10-29,Aston Villa,Luton,3,1,3.08,0.45,H
2023-2024,2023-10-29,Brighton,Fulham,1,1,1.32,0.55,D
2023-2024,2023-11-04,Fulham,Manchester United,0,1,1.18,0.7,A
2023-2024,2023-11-04,Brentford,West Ham,3,2,1.83,1.76,H
2023-2024,2023-11-04,Burnley,Crystal Palace,0,2,1.5,1.44,A
2023-2024,2023-11-04,Everton,Brighton,1,1,0.62,0.44,D
2023-2024,2023-11-04,Manchester City,Bournemouth,6,1,2.4,0.64,H
2023-2024,2023-11-04,Sheffield United,Wolverhampton Wanderers,2,1,1.1,1.15,H
2023-2024,2023-11-04,Newcastle United,Arsenal,1,0,1.12,0.54,H
2023-2024,2023-11-05,Nottingham Forest,Aston Villa,2,0,0.59,1.33,H
2023-2024,2023-11-05,Luton,Liverpool,1,1,1.34,3.04,D
2023-2024,2023-11-06,Tottenham,Chelsea,1,4,0.96,4.06,A
2023-2024,2023-11-11,Bournemouth,Newcastle United,2,0,2.78,0.31,H
2023-2024,2023-11-11,Manchester United,Luton,1,0,2.74,0.41,H
2023-2024,2023-11-11,Arsenal,Burnley,3,1,2.63,0.33,H
2023-2024,2023-11-11,Wolverhampton Wanderers,Tottenham,2,1,1.91,0.43,H
2023-2024,2023-11-11,Crystal Palace,Everton,2,3,1.89,1.79,A
2023-2024,2023-11-12,Aston Villa,Fulham,3,1,2.86,0.65,H
2023-2024,2023-11-12,Brighton,Sheffield United,1,1,1.09,0.84,D
2023-2024,2023-11-12,Liverpool,Brentford,3,0,1.56,1.45,H
2023-2024,2023-11-12,West Ham,Nottingham Forest,3,2,2.06,1.42,H
2023-2024,2023-11-12,Chelsea,Manchester City,4,4,3.47,3.19,D
2023-2024,2023-11-25,Sheffield United,Bournemouth,1,3,0.82,3.14,A
2023-2024,2023-11-25,Brentford,Arsenal,0,1,1.66,1.83,A
2023-2024,2023-11-25,Nottingham Forest,Brighton,2,3,2.23,1.22,A
2023-2024,2023-11-25,Luton,Crystal Palace,2,1,1.0,1.84,H
2023-2024,2023-11-25,Burnley,West Ham,1,2,1.44,1.37,A
2023-2024,2023-11-25,Newcastle United,Chelsea,4,1,2.15,0.97,H
2023-2024,2023-11-25,Manchester City,Liverpool,1,1,1.8,0.77,D
2023-2024,2023-11-26,Tottenham,Aston Villa,1,2,2.23,2.4,A
2023-2024,2023-11-26,Everton,Manchester United,0,3,2.5,2.07,A
2023-2024,2023-11-27,Fulham,Wolverhampton Wanderers,3,2,2.49,1.58,H
2023-2024,2023-12-02,Nottingham Forest,Everton,0,1,0.67,0.62,A
2023-2024,2023-12-02,Burnley,Sheffield United,5,0,2.6,0.62,H
2023-2024,2023-12-02,Newcastle United,Manchester United,1,0,2.9,0.42,H
2023-2024,2023-12-02,Arsenal,Wolverhampton Wanderers,2,1,3.3,1.08,H
2023-2024,2023-12-02,Brentford,Luton,3,1,3.26,0.23,H
2023-2024,2023-12-03,Bournemouth,Aston Villa,2,2,2.55,0.9,D
2023-2024,2023-12-03,Chelsea,Brighton,3,2,1.66,0.86,H
2023-2024,2023-12-03,Liverpool,Fulham,4,3,2.73,1.51,H
2023-2024,2023-12-03,West Ham,Crystal Palace,1,1,1.15,0.99,D
2023-2024,2023-12-03,Manchester City,Tottenham,3,3,2.91,0.43,D
2023-2024,2023-12-05,Wolverhampton Wanderers,Burnley,1,0,1.12,0.78,H
2023-2024,2023-12-05,Luton,Arsenal,3,4,0.53,2.59,A
2023-2024,2023-12-06,Crystal Palace,Bournemouth,0,2,1.26,1.8,A
2023-2024,2023-12-06,Aston Villa,Manchester City,1,0,2.19,1.0,H
2023-2024,2023-12-06,Manchester United,Chelsea,2,1,4.04,2.35,H
2023-2024,2023-12-06,Sheffield United,Liverpool,0,2,0.83,1.8,A
2023-2024,2023-12-06,Brighton,Brentford,2,1,1.54,1.22,H
2023-2024,2023-12-06,Fulham,Nottingham Forest,5,0,3.09,0.22,H
2023-2024,2023-12-07,Everton,Newcastle United,3,0,2.95,1.3,H
2023-2024,2023-12-07,Tottenham,West Ham,1,2,1.61,1.74,A
2023-2024,2023-12-09,Wolverhampton Wanderers,Nottingham Forest,1,1,1.02,1.22,D
2023-2024,2023-12-09,Sheffield United,Brentford,1,0,0.84,0.64,H
2023-2024,2023-12-09,Aston Villa,Arsenal,1,0,0.63,1.72,H
2023-2024,2023-12-09,Brighton,Burnley,1,1,2.96,1.05,D
2023-2024,2023-12-09,Crystal Palace,Liverpool,1,2,1.79,1.37,A
2023-2024,2023-12-09,Manchester United,Bournemouth,0,3,1.11,1.97,A
2023-2024,2023-12-10,Everton,Chelsea,2,0,1.11,0.89,H
2023-2024,2023-12-10,Fulham,West Ham,5,0,2.19,0.98,H
2023-2024,2023-12-10,Luton,Manchester City,1,2,0.69,2.23,A
2023-2024,2023-12-10,Tottenham,Newcastle United,4,1,4.4,1.61,H
2023-2024,2023-12-15,Nottingham Forest,Tottenham,0,2,1.71,1.61,A
2023-2024,2023-12-16,Burnley,Everton,0,2,0.81,2.22,A
2023-2024,2023-12-16,Chelsea,Sheffield United,2,0,3.27,0.44,H
2023-2024,2023-12-16,Manchester City,Crystal Palace,2,2,2.42,1.65,D
2023-2024,2023-12-16,Newcastle United,Fulham,3,0,4.28,0.47,H
2023-2024,2023-12-17,West Ham,Wolverhampton Wanderers,3,0,1.04,0.56,H
2023-2024,2023-12-17,Liverpool,Manchester United,0,0,1.97,0.63,D
2023-2024,2023-12-17,Arsenal,Brighton,2,0,2.77,0.66,H
2023-2024,2023-12-17,Brentford,Aston Villa,1,2,0.8,1.47,A
2023-2024,2023-12-21,Crystal Palace,Brighton,1,1,1.65,1.34,D
2023-2024,2023-12-22,Aston Villa,Sheffield United,1,1,1.22,0.65,D
2023-2024,2023-12-23,West Ham,Manchester United,2,0,1.51,0.73,H
2023-2024,2023-12-23,Fulham,Burnley,0,2,1.38,0.42,A
2023-2024,2023-12-23,Luton,Newcastle United,1,0,1.82,1.41,H
2023-2024,2023-12-23,Nottingham Forest,Bournemouth,2,3,0.79,1.89,A
2023-2024,2023-12-23,Tottenham,Everton,2,1,1.58,1.98,H
2023-2024,2023-12-23,Liverpool,Arsenal,1,1,0.98,0.85,D
2023-2024,2023-12-24,Wolverhampton Wanderers,Chelsea,2,1,1.75,1.75,H
2023-2024,2023-12-26,Manchester United,Aston Villa,3,2,1.2,1.84,H
2023-2024,2023-12-26,Burnley,Liverpool,0,2,0.97,1.68,A
2023-2024,2023-12-26,Newcastle United,Nottingham Forest,1,3,2.79,3.11,A
2023-2024,2023-12-26,Bournemouth,Fulham,3,0,2.08,0.32,H
2023-2024,2023-12-26,Sheffield United,Luton,2,3,3.62,0.72,A
2023-2024,2023-12-27,Brentford,Wolverhampton Wanderers,1,4,2.59,1.89,A
2023-2024,2023-12-27,Chelsea,Crystal Palace,2,1,2.73,0.96,H
2023-2024,2023-12-27,Everton,Manchester City,1,3,1.24,2.28,A
2023-2024,2023-12-28,Brighton,Tottenham,4,2,3.85,2.07,H
2023-2024,2023-12-28,Arsenal,West Ham,0,2,2.79,1.6,A
2023-2024,2023-12-30,Wolverhampton Wanderers,Everton,3,0,2.64,0.52,H
2023-2024,2023-12-30,Nottingham Forest,Manchester United,2,1,0.74,0.65,H
2023-2024,2023-12-30,Manchester City,Sheffield United,2,0,2.24,0.26,H
2023-2024,2023-12-30,Aston Villa,Burnley,3,2,2.93,1.12,H
2023-2024,2023-12-30,Crystal Palace,Brentford,3,1,1.61,1.29,H
2023-2024,2023-12-30,Luton,Chelsea,2,3,2.64,1.57,A
2023-2024,2023-12-31,Fulham,Arsenal,2,1,1.53,1.66,H
2023-2024,2023-12-31,Tottenham,Bournemouth,3,1,2.15,1.58,H
2023-2024,2024-01-01,Liverpool,Newcastle United,4,2,6.67,0.91,H
2023-2024,2024-01-02,West Ham,Brighton,0,0,0.98,2.16,D
2023-2024,2024-01-12,Burnley,Luton,1,1,1.52,0.97,D
2023-2024,2024-01-13,Chelsea,Fulham,1,0,2.05,0.7,H
2023-2024,2024-01-13,Newcastle United,Manchester City,2,3,1.24,2.55,A
2023-2024,2024-01-14,Everton,Aston Villa,0,0,1.04,1.34,D
2023-2024,2024-01-14,Manchester United,Tottenham,2,2,0.92,1.31,D
2023-2024,2024-01-20,Brentford,Nottingham Forest,3,2,1.94,1.22,H
2023-2024,2024-01-20,Arsenal,Crystal Palace,5,0,3.52,0.29,H
2023-2024,2024-01-21,Sheffield United,West Ham,2,2,2.61,2.42,D
2023-2024,2024-01-21,Bournemouth,Liverpool,0,4,0.83,1.53,A
2023-2024,2024-01-22,Brighton,Wolverhampton Wanderers,0,0,1.37,1.14,D
2023-2024,2024-01-30,Nottingham Forest,Arsenal,1,2,0.63,1.39,A
2023-2024,2024-01-30,Fulham,Everton,0,0,2.37,2.83,D
2023-2024,2024-01-30,Luton,Brighton,4,0,3.63,1.01,H
2023-2024,2024-01-30,Crystal Palace,Sheffield United,3,2,1.16,0.77,H
2023-2024,2024-01-30,Aston Villa,Newcastle United,1,3,1.44,3.32,A
2023-2024,2024-01-31,Liverpool,Chelsea,4,1,3.66,0.48,H
2023-2024,2024-01-31,Manchester City,Burnley,3,1,1.85,1.49,H
2023-2024,2024-01-31,Tottenham,Brentford,3,2,3.36,1.6,H
2023-2024,2024-02-01,Wolverhampton Wanderers,Manchester United,3,4,2.28,3.23,A
2023-2024,2024-02-01,West Ham,Bournemouth,1,1,1.31,1.13,D
2023-2024,2024-02-03,Everton,Tottenham,2,2,3.26,0.92,D
2023-2024,2024-02-03,Brighton,Crystal Palace,4,1,1.93,0.24,H
2023-2024,2024-02-03,Burnley,Fulham,2,2,1.0,1.29,D
2023-2024,2024-02-03,Newcastle United,Luton,4,4,2.37,2.67,D
2023-2024,2024-02-03,Sheffield United,Aston Villa,0,5,1.53,2.99,A
2023-2024,2024-02-04,Manchester United,West Ham,3,0,0.97,1.18,H
2023-2024,2024-02-04,Arsenal,Liverpool,3,1,2.85,0.54,H
2023-2024,2024-02-04,Bournemouth,Nottingham Forest,1,1,1.19,0.46,D
2023-2024,2024-02-04,Chelsea,Wolverhampton Wanderers,2,4,2.36,2.49,A
2023-2024,2024-02-05,Brentford,Manchester City,1,3,0.87,2.11,A
2023-2024,2024-02-10,Wolverhampton Wanderers,Brentford,0,2,1.06,1.85,A
2023-2024,2024-02-10,Manchester City,Everton,2,0,1.59,0.19,H
2023-2024,2024-02-10,Fulham,Bournemouth,3,1,1.75,2.61,H
2023-2024,2024-02-10,Liverpool,Burnley,3,1,3.15,1.11,H
2023-2024,2024-02-10,Luton,Sheffield United,1,3,1.76,1.98,A
2023-2024,2024-02-10,Tottenham,Brighton,2,1,2.11,1.49,H
2023-2024,2024-02-10,Nottingham Forest,Newcastle United,2,3,0.97,0.51,A
2023-2024,2024-02-11,Aston Villa,Manchester United,1,2,2.65,2.45,A
2023-2024,2024-02-11,West Ham,Arsenal,0,6,0.19,4.0,A
2023-2024,2024-02-12,Crystal Palace,Chelsea,1,3,0.72,1.27,A
2023-2024,2024-02-17,Manchester City,Chelsea,1,1,2.78,1.83,D
2023-2024,2024-02-17,Tottenham,Wolverhampton Wanderers,1,2,1.6,1.78,A
2023-2024,2024-02-17,Nottingham Forest,West Ham,2,0,2.67,0.52,H
2023-2024,2024-02-17,Burnley,Arsenal,0,5,0.34,2.21,A
2023-2024,2024-02-17,Fulham,Aston Villa,1,2,1.42,1.57,A
2023-2024,2024-02-17,Newcastle United,Bournemouth,2,2,2.38,2.08,D
2023-2024,2024-02-17,Brentford,Liverpool,1,4,1.7,3.09,A
2023-2024,2024-02-18,Sheffield United,Brighton,0,5,0.59,3.36,A
2023-2024,2024-02-18,Luton,Manchester United,1,2,1.57,3.59,A
2023-2024,2024-02-19,Everton,Crystal Palace,1,1,2.45,0.73,D
2023-2024,2024-02-20,Manchester City,Brentford,1,0,2.54,0.5,H
2023-2024,2024-02-21,Liverpool,Luton,4,1,3.7,0.96,H
2023-2024,2024-02-24,Crystal Palace,Burnley,3,0,2.42,0.08,H
2023-2024,2024-02-24,Arsenal,Newcastle United,4,1,2.59,0.22,H
2023-2024,2024-02-24,Bournemouth,Manchester City,0,1,0.93,1.8,A
2023-2024,2024-02-24,Brighton,Everton,1,1,1.65,0.29,D
2023-2024,2024-02-24,Aston Villa,Nottingham Forest,4,2,3.49,2.26,H
2023-2024,2024-02-24,Manchester United,Fulham,1,2,1.96,1.14,A
2023-2024,2024-02-25,Wolverhampton Wanderers,Sheffield United,1,0,1.22,0.65,H
2023-2024,2024-02-26,West Ham,Brentford,4,2,2.07,1.34,H
2023-2024,2024-03-02,Nottingham Forest,Liverpool,0,1,0.97,1.32,A
2023-2024,2024-03-02,Tottenham,Crystal Palace,3,1,2.66,0.28,H
2023-2024,2024-03-02,Luton,Aston Villa,2,3,2.43,2.09,A
2023-2024,2024-03-02,Newcastle United,Wolverhampton Wanderers,3,0,3.33,0.51,H
2023-2024,2024-03-02,Everton,West Ham,1,3,3.12,2.18,A
2023-2024,2024-03-02,Brentford,Chelsea,2,2,2.47,2.15,D
2023-2024,2024-03-02,Fulham,Brighton,3,0,1.38,1.15,H
2023-2024,2024-03-03,Burnley,Bournemouth,0,2,1.6,1.44,A
2023-2024,2024-03-03,Manchester City,Manchester United,3,1,2.64,0.15,H
2023-2024,2024-03-04,Sheffield United,Arsenal,0,6,0.2,2.47,A
2023-2024,2024-03-09,Arsenal,Brentford,2,1,1.59,0.73,H
2023-2024,2024-03-09,Crystal Palace,Luton,1,1,3.25,1.09,D
2023-2024,2024-03-09,Wolverhampton Wanderers,Fulham,2,1,1.3,2.94,H
2023-2024,2024-03-09,Manchester United,Everton,2,0,2.9,1.82,H
2023-2024,2024-03-09,Bournemouth,Sheffield United,2,2,3.93,1.92,D
2023-2024,2024-03-10,Aston Villa,Tottenham,0,4,1.23,2.25,A
2023-2024,2024-03-10,Brighton,Nottingham Forest,1,0,0.53,0.69,H
2023-2024,2024-03-10,West Ham,Burnley,2,2,1.87,0.88,D
2023-2024,2024-03-10,Liverpool,Manchester City,1,1,2.25,1.37,D
2023-2024,2024-03-11,Chelsea,Newcastle United,3,2,1.78,0.57,H
2023-2024,2024-03-13,Bournemouth,Luton,4,3,2.84,2.79,H
2023-2024,2024-03-16,Luton,Nottingham Forest,1,1,0.85,1.95,D
2023-2024,2024-03-16,Burnley,Brentford,2,1,2.7,1.25,H
2023-2024,2024-03-16,Fulham,Tottenham,3,0,2.47,2.15,H
2023-2024,2024-03-17,West Ham,Aston Villa,1,1,1.33,0.91,D
2023-2024,2024-03-30,Aston Villa,Wolverhampton Wanderers,2,0,1.28,1.66,H
2023-2024,2024-03-30,Tottenham,Luton,2,1,2.47,0.4,H
2023-2024,2024-03-30,Brentford,Manchester United,1,1,3.16,0.99,D
2023-2024,2024-03-30,Sheffield United,Fulham,3,3,1.79,1.1,D
2023-2024,2024-03-30,Chelsea,Burnley,2,2,4.47,2.1,D
2023-2024,2024-03-30,Bournemouth,Everton,2,1,1.39,0.93,H
2023-2024,2024-03-30,Newcastle United,West Ham,4,3,3.81,0.99,H
2023-2024,2024-03-30,Nottingham Forest,Crystal Palace,1,1,0.78,0.9,D
2023-2024,2024-03-31,Liverpool,Brighton,2,1,3.21,0.44,H
2023-2024,2024-03-31,Manchester City,Arsenal,0,0,1.22,0.51,D
2023-2024,2024-04-02,West Ham,Tottenham,1,1,1.47,1.39,D
2023-2024,2024-04-02,Bournemouth,Crystal Palace,1,0,1.31,0.17,H
2023-2024,2024-04-02,Burnley,Wolverhampton Wanderers,1,1,1.13,1.01,D
2023-2024,2024-04-02,Nottingham Forest,Fulham,3,1,1.95,1.04,H
2023-2024,2024-04-02,Newcastle United,Everton,1,1,2.65,1.7,D
2023-2024,2024-04-03,Arsenal,Luton,2,0,1.14,0.29,H
2023-2024,2024-04-03,Brentford,Brighton,0,0,0.42,1.22,D
2023-2024,2024-04-03,Manchester City,Aston Villa,4,1,3.88,1.19,H
2023-2024,2024-04-04,Liverpool,Sheffield United,3,1,2.52,0.72,H
2023-2024,2024-04-04,Chelsea,Manchester United,4,3,3.48,1.57,H
2023-2024,2024-04-06,Luton,Bournemouth,2,1,1.3,0.62,H
2023-2024,2024-04-06,Brighton,Arsenal,0,3,0.43,4.17,A
2023-2024,2024-04-06,Fulham,Newcastle United,0,1,0.83,1.18,A
2023-2024,2024-04-06,Wolverhampton Wanderers,West Ham,1,2,1.78,1.14,A
2023-2024,2024-04-06,Aston Villa,Brentford,3,3,1.16,1.42,D
2023-2024,2024-04-06,Everton,Burnley,1,0,0.66,0.35,H
2023-2024,2024-04-06,Crystal Palace,Manchester City,2,4,1.49,2.26,A
2023-2024,2024-04-07,Manchester United,Liverpool,2,2,0.81,4.43,D
2023-2024,2024-04-07,Sheffield United,Chelsea,2,2,1.74,0.52,D
2023-2024,2024-04-07,Tottenham,Nottingham Forest,3,1,1.62,2.0,H
2023-2024,2024-04-13,Nottingham Forest,Wolverhampton Wanderers,2,2,1.76,1.46,D
2023-2024,2024-04-13,Manchester City,Luton,5,1,4.64,0.81,H
2023-2024,2024-04-13,Bournemouth,Manchester United,2,2,2.39,1.52,D
2023-2024,2024-04-13,Brentford,Sheffield United,2,0,1.09,0.83,H
2023-2024,2024-04-13,Newcastle United,Tottenham,4,0,3.15,0.74,H
2023-2024,2024-04-13,Burnley,Brighton,1,1,1.85,0.89,D
2023-2024,2024-04-14,Liverpool,Crystal Palace,0,1,3.04,2.13,A
2023-2024,2024-04-14,West Ham,Fulham,0,2,1.45,3.61,A
2023-2024,2024-04-14,Arsenal,Aston Villa,0,2,1.89,0.93,A
2023-2024,2024-04-15,Chelsea,Everton,6,0,3.37,1.22,H
2023-2024,2024-04-20,Luton,Brentford,1,5,0.5,3.78,A
2023-2024,2024-04-20,Sheffield United,Burnley,1,4,1.98,2.42,A
2023-2024,2024-04-20,Wolverhampton Wanderers,Arsenal,0,2,0.16,1.66,A
2023-2024,2024-04-21,Crystal Palace,West Ham,5,2,3.72,1.35,H
2023-2024,2024-04-21,Everton,Nottingham Forest,2,0,0.47,1.19,H
2023-2024,2024-04-21,Aston Villa,Bournemouth,3,1,2.63,2.05,H
2023-2024,2024-04-21,Fulham,Liverpool,1,3,0.84,1.02,A
2023-2024,2024-04-23,Arsenal,Chelsea,5,0,3.46,1.6,H
2023-2024,2024-04-24,Wolverhampton Wanderers,Bournemouth,0,1,0.48,2.4,A
2023-2024,2024-04-24,Crystal Palace,Newcastle United,2,0,1.44,0.55,H
2023-2024,2024-04-24,Everton,Liverpool,2,0,1.89,1.87,H
2023-2024,2024-04-24,Manchester United,Sheffield United,4,2,3.51,1.21,H
2023-2024,2024-04-25,Brighton,Manchester City,0,4,0.57,1.91,A
2023-2024,2024-04-27,Aston Villa,Chelsea,2,2,0.61,1.56,D
2023-2024,2024-04-27,Everton,Brentford,1,0,1.21,0.96,H
2023-2024,2024-04-27,Newcastle United,Sheffield United,5,1,2.93,1.82,H
2023-2024,2024-04-27,Wolverhampton Wanderers,Luton,2,1,1.49,0.9,H
2023-2024,2024-04-27,Fulham,Crystal Palace,1,1,1.39,1.05,D
2023-2024,2024-04-27,West Ham,Liverpool,2,2,0.79,2.29,D
2023-2024,2024-04-27,Manchester United,Burnley,1,1,3.06,1.9,D
2023-2024,2024-04-28,Bournemouth,Brighton,3,0,2.48,1.36,H
2023-2024,2024-04-28,Tottenham,Arsenal,2,3,2.6,1.51,A
2023-2024,2024-04-28,Nottingham Forest,Manchester City,0,2,2.17,0.93,A
2023-2024,2024-05-02,Chelsea,Tottenham,2,0,2.22,1.27,H
2023-2024,2024-05-03,Luton,Everton,1,1,0.95,1.23,D
2023-2024,2024-05-04,Sheffield United,Nottingham Forest,1,3,2.49,1.94,A
2023-2024,2024-05-04,Burnley,Newcastle United,1,4,1.29,4.26,A
2023-2024,2024-05-04,Manchester City,Wolverhampton Wanderers,5,1,4.53,0.4,H
2023-2024,2024-05-04,Arsenal,Bournemouth,3,0,3.91,0.47,H
2023-2024,2024-05-04,Brentford,Fulham,0,0,0.81,1.46,D
2023-2024,2024-05-05,Brighton,Aston Villa,1,0,2.64,0.06,H
2023-2024,2024-05-05,Chelsea,West Ham,5,0,4.22,0.89,H
2023-2024,2024-05-05,Liverpool,Tottenham,4,2,3.26,1.17,H
2023-2024,2024-05-06,Crystal Palace,Manchester United,4,0,2.07,0.34,H
2023-2024,2024-05-11,Nottingham Forest,Chelsea,2,3,2.45,2.41,A
2023-2024,2024-05-11,Wolverhampton Wanderers,Crystal Palace,1,3,1.16,2.51,A
2023-2024,2024-05-11,Tottenham,Burnley,2,1,3.0,0.95,H
2023-2024,2024-05-11,West Ham,Luton,3,1,3.71,0.64,H
2023-2024,2024-05-11,Everton,Sheffield United,1,0,1.82,0.47,H
2023-2024,2024-05-11,Bournemouth,Brentford,1,2,1.07,1.93,A
2023-2024,2024-05-11,Fulham,Manchester City,0,4,0.09,3.15,A
2023-2024,2024-05-11,Newcastle United,Brighton,1,1,2.45,1.92,D
2023-2024,2024-05-12,Manchester United,Arsenal,0,1,0.55,1.73,A
2023-2024,2024-05-13,Aston Villa,Liverpool,3,3,2.72,1.9,D
2023-2024,2024-05-14,Tottenham,Manchester City,0,2,1.84,2.7,A
2023-2024,2024-05-15,Brighton,Chelsea,1,2,1.32,1.54,A
2023-2024,2024-05-15,Manchester United,Newcastle United,3,2,1.5,2.28,H
2023-2024,2024-05-19,Crystal Palace,Aston Villa,5,0,2.23,0.6,H
2023-2024,2024-05-19,Luton,Fulham,2,4,2.07,1.12,A
2023-2024,2024-05-19,Liverpool,Wolverhampton Wanderers,2,0,5.66,0.73,H
2023-2024,2024-05-19,Chelsea,Bournemouth,2,1,1.6,2.0,H
2023-2024,2024-05-19,Manchester City,West Ham,3,1,2.32,0.24,H
2023-2024,2024-05-19,Brighton,Manchester United,0,2,1.97,1.0,A
2023-2024,2024-05-19,Brentford,Newcastle United,2,4,1.7,3.65,A
2023-2024,2024-05-19,Arsenal,Everton,2,1,3.21,0.66,H
2023-2024,2024-05-19,Burnley,Nottingham Forest,1,2,1.08,1.58,A
2023-2024,2024-05-19,Sheffield United,Tottenham,0,3,0.7,3.2,A
2024-2025,2024-08-16,Manchester United,Fulham,1,0,2.04,0.42,H
2024-2025,2024-08-17,Ipswich,Liverpool,0,2,0.34,3.93,A
2024-2025,2024-08-17,Arsenal,Wolverhampton Wanderers,2,0,1.63,0.58,H
2024-2025,2024-08-17,Everton,Brighton,0,3,0.41,1.79,A
2024-2025,2024-08-17,Newcastle United,Southampton,1,0,0.43,1.95,H
2024-2025,2024-08-17,Nottingham Forest,Bournemouth,1,1,1.24,1.91,D
2024-2025,2024-08-17,West Ham,Aston Villa,1,2,2.8,2.67,A
2024-2025,2024-08-18,Brentford,Crystal Palace,2,1,1.38,1.15,H
2024-2025,2024-08-18,Chelsea,Manchester City,0,2,1.06,1.18,A
2024-2025,2024-08-19,Leicester,Tottenham,1,1,1.03,1.41,D
2024-2025,2024-08-24,Aston Villa,Arsenal,0,2,1.32,1.41,A
2024-2025,2024-08-24,Tottenham,Everton,4,0,2.61,0.65,H
2024-2025,2024-08-24,Southampton,Nottingham Forest,0,1,0.21,2.86,A
2024-2025,2024-08-24,Crystal Palace,West Ham,0,2,1.38,1.53,A
2024-2025,2024-08-24,Fulham,Leicester,2,1,1.96,0.86,H
2024-2025,2024-08-24,Brighton,Manchester United,2,1,2.14,1.29,H
2024-2025,2024-08-24,Manchester City,Ipswich,4,1,3.08,0.48,H
2024-2025,2024-08-25,Wolverhampton Wanderers,Chelsea,2,6,2.42,2.03,A
2024-2025,2024-08-25,Bournemouth,Newcastle United,1,1,2.54,1.89,D
2024-2025,2024-08-25,Liverpool,Brentford,2,0,2.72,0.46,H
2024-2025,2024-08-31,Nottingham Forest,Wolverhampton Wanderers,1,1,1.41,0.94,D
2024-2025,2024-08-31,West Ham,Manchester City,1,3,0.95,3.19,A
2024-2025,2024-08-31,Leicester,Aston Villa,1,2,0.77,2.16,A
2024-2025,2024-08-31,Brentford,Southampton,3,1,3.86,1.65,H
2024-2025,2024-08-31,Everton,Bournemouth,2,3,2.56,2.96,A
2024-2025,2024-08-31,Arsenal,Brighton,1,1,2.42,1.82,D
2024-2025,2024-08-31,Ipswich,Fulham,1,1,0.71,1.19,D
2024-2025,2024-09-01,Newcastle United,Tottenham,2,1,1.59,1.63,H
2024-2025,2024-09-01,Chelsea,Crystal Palace,1,1,2.98,0.46,D
2024-2025,2024-09-01,Manchester United,Liverpool,0,3,1.5,2.1,A
2024-2025,2024-09-14,Bournemouth,Chelsea,0,1,1.54,0.93,A
2024-2025,2024-09-14,Aston Villa,Everton,3,2,3.16,0.85,H
2024-2025,2024-09-14,Manchester City,Brentford,2,1,1.55,1.05,H
2024-2025,2024-09-14,Crystal Palace,Leicester,2,2,2.89,1.65,D
2024-2025,2024-09-14,Liverpool,Nottingham Forest,0,1,1.17,0.59,A
2024-2025,2024-09-14,Brighton,Ipswich,0,0,1.76,0.72,D
2024-2025,2024-09-14,Southampton,Manchester United,0,3,1.36,3.03,A
2024-2025,2024-09-14,Fulham,West Ham,1,1,2.89,0.68,D
2024-2025,2024-09-15,Tottenham,Arsenal,0,1,0.79,1.12,A
2024-2025,2024-09-15,Wolverhampton Wanderers,Newcastle United,1,2,1.47,1.48,A
2024-2025,2024-09-21,Aston Villa,Wolverhampton Wanderers,3,1,2.37,0.52,H
2024-2025,2024-09-21,Crystal Palace,Manchester United,0,0,1.67,2.35,D
2024-2025,2024-09-21,Fulham,Newcastle United,3,1,3.21,1.1,H
2024-2025,2024-09-21,Tottenham,Brentford,3,1,3.89,0.89,H
2024-2025,2024-09-21,Leicester,Everton,1,1,1.34,1.82,D
2024-2025,2024-09-21,West Ham,Chelsea,0,3,0.76,2.4,A
2024-2025,2024-09-21,Liverpool,Bournemouth,3,0,2.44,1.47,H
2024-2025,2024-09-21,Southampton,Ipswich,1,1,2.9,1.65,D
2024-2025,2024-09-22,Brighton,Nottingham Forest,2,2,1.57,1.37,D
2024-2025,2024-09-22,Manchester City,Arsenal,2,2,2.76,1.28,D
2024-2025,2024-09-28,Wolverhampton Wanderers,Liverpool,1,2,0.75,2.12,A
2024-2025,2024-09-28,Brentford,West Ham,1,1,0.37,0.88,D
2024-2025,2024-09-28,Arsenal,Leicester,4,2,6.05,0.34,H
2024-2025,2024-09-28,Chelsea,Brighton,4,2,3.66,1.21,H
2024-2025,2024-09-28,Nottingham Forest,Fulham,0,1,0.61,1.44,A
2024-2025,2024-09-28,Newcastle United,Manchester City,1,1,1.34,1.27,D
2024-2025,2024-09-28,Everton,Crystal Palace,2,1,1.11,1.12,H
2024-2025,2024-09-29,Manchester United,Tottenham,0,3,0.6,5.41,A
2024-2025,2024-09-29,Ipswich,Aston Villa,2,2,1.85,1.14,D
2024-2025,2024-09-30,Bournemouth,Southampton,3,1,1.44,0.7,H
2024-2025,2024-10-05,Everton,Newcastle United,0,0,0.69,1.79,D
2024-2025,2024-10-05,Crystal Palace,Liverpool,0,1,0.61,2.07,A
2024-2025,2024-10-05,Leicester,Bournemouth,1,0,0.91,1.95,H
2024-2025,2024-10-05,Manchester City,Fulham,3,2,1.37,2.76,H
2024-2025,2024-10-05,West Ham,Ipswich,4,1,4.39,1.18,H
2024-2025,2024-10-05,Arsenal,Southampton,3,1,3.25,1.27,H
2024-2025,2024-10-05,Brentford,Wolverhampton Wanderers,5,3,4.14,0.7,H
2024-2025,2024-10-06,Brighton,Tottenham,3,2,1.97,1.09,H
2024-2025,2024-10-06,Aston Villa,Manchester United,0,0,0.53,0.45,D
2024-2025,2024-10-06,Chelsea,Nottingham Forest,1,1,2.28,1.67,D
2024-2025,2024-10-19,Tottenham,West Ham,4,1,1.44,0.86,H
2024-2025,2024-10-19,Fulham,Aston Villa,1,3,2.63,1.44,A
2024-2025,2024-10-19,Ipswich,Everton,0,2,1.17,1.61,A
2024-2025,2024-10-19,Manchester United,Brentford,2,1,1.77,0.89,H
2024-2025,2024-10-19,Newcastle United,Brighton,0,1,1.94,1.68,A
2024-2025,2024-10-19,Southampton,Leicester,2,3,2.43,2.84,A
2024-2025,2024-10-19,Bournemouth,Arsenal,2,0,2.18,0.74,H
2024-2025,2024-10-20,Wolverhampton Wanderers,Manchester City,1,2,0.76,1.37,A
2024-2025,2024-10-20,Liverpool,Chelsea,2,1,2.23,1.34,H
2024-2025,2024-10-21,Nottingham Forest,Crystal Palace,1,0,1.89,0.84,H
2024-2025,2024-10-25,Leicester,Nottingham Forest,1,3,0.83,2.54,A
2024-2025,2024-10-26,Manchester City,Southampton,1,0,3.16,0.37,H
2024-2025,2024-10-26,Aston Villa,Bournemouth,1,1,1.97,0.33,D
2024-2025,2024-10-26,Brentford,Ipswich,4,3,4.1,1.66,H
2024-2025,2024-10-26,Brighton,Wolverhampton Wanderers,2,2,1.51,1.11,D
2024-2025,2024-10-26,Everton,Fulham,1,1,0.88,1.5,D
2024-2025,2024-10-27,Chelsea,Newcastle United,2,1,1.62,1.74,H
2024-2025,2024-10-27,Crystal Palace,Tottenham,1,0,0.98,1.02,H
2024-2025,2024-10-27,West Ham,Manchester United,2,1,2.99,2.63,H
2024-2025,2024-10-27,Arsenal,Liverpool,2,2,1.09,1.35,D
2024-2025,2024-11-02,Nottingham Forest,West Ham,3,0,2.35,0.13,H
2024-2025,2024-11-02,Wolverhampton Wanderers,Crystal Palace,2,2,1.65,2.65,D
2024-2025,2024-11-02,Liverpool,Brighton,2,1,1.81,1.02,H
2024-2025,2024-11-02,Southampton,Everton,1,0,0.54,1.79,H
2024-2025,2024-11-02,Bournemouth,Manchester City,2,1,2.45,2.35,H
2024-2025,2024-11-02,Newcastle United,Arsenal,1,0,0.86,0.91,H
2024-2025,2024-11-02,Ipswich,Leicester,1,1,1.34,2.34,D
2024-2025,2024-11-03,Tottenham,Aston Villa,4,1,2.1,2.49,H
2024-2025,2024-11-03,Manchester United,Chelsea,1,1,2.16,1.21,D
2024-2025,2024-11-04,Fulham,Brentford,2,1,1.43,0.74,H
2024-2025,2024-11-09,Brentford,Bournemouth,3,2,1.56,2.49,H
2024-2025,2024-11-09,Crystal Palace,Fulham,0,2,1.96,2.25,A
2024-2025,2024-11-09,West Ham,Everton,0,0,1.12,0.87,D
2024-2025,2024-11-09,Wolverhampton Wanderers,Southampton,2,0,0.91,0.79,H
2024-2025,2024-11-09,Brighton,Manchester City,2,1,2.87,2.6,H
2024-2025,2024-11-09,Liverpool,Aston Villa,2,0,2.68,1.66,H
2024-2025,2024-11-10,Chelsea,Arsenal,1,1,1.24,1.96,D
2024-2025,2024-11-10,Tottenham,Ipswich,1,2,1.75,2.18,A
2024-2025,2024-11-10,Nottingham Forest,Newcastle United,1,3,1.18,1.87,A
2024-2025,2024-11-10,Manchester United,Leicester,3,0,1.24,0.42,H
2024-2025,2024-11-23,Fulham,Wolverhampton Wanderers,1,4,0.72,1.34,A
2024-2025,2024-11-23,Leicester,Chelsea,1,2,0.97,2.82,A
2024-2025,2024-11-23,Bournemouth,Brighton,1,2,1.91,1.23,A
2024-2025,2024-11-23,Arsenal,Nottingham Forest,3,0,1.66,0.4,H
2024-2025,2024-11-23,Everton,Brentford,0,0,1.6,1.34,D
2024-2025,2024-11-23,Aston Villa,Crystal Palace,2,2,3.04,1.61,D
2024-2025,2024-11-23,Manchester City,Tottenham,0,4,2.16,3.3,A
2024-2025,2024-11-24,Ipswich,Manchester United,1,1,1.99,1.27,D
2024-2025,2024-11-24,Southampton,Liverpool,2,3,1.54,3.19,A
2024-2025,2024-11-25,Newcastle United,West Ham,0,2,1.5,0.94,A
2024-2025,2024-11-29,Brighton,Southampton,1,1,1.87,0.93,D
2024-2025,2024-11-30,Brentford,Leicester,4,1,2.22,0.91,H
2024-2025,2024-11-30,Crystal Palace,Newcastle United,1,1,2.3,0.02,D
2024-2025,2024-11-30,Nottingham Forest,Ipswich,1,0,1.77,0.46,H
2024-2025,2024-11-30,Wolverhampton Wanderers,Bournemouth,2,4,0.87,3.08,A
2024-2025,2024-11-30,West Ham,Arsenal,2,5,1.24,4.0,A
2024-2025,2024-12-01,Tottenham,Fulham,1,1,1.01,1.57,D
2024-2025,2024-12-01,Liverpool,Manchester City,2,0,3.7,0.75,H
2024-2025,2024-12-01,Chelsea,Aston Villa,3,0,1.95,0.88,H
2024-2025,2024-12-01,Manchester United,Everton,4,0,1.76,0.77,H
2024-2025,2024-12-03,Ipswich,Crystal Palace,0,1,0.47,1.65,A
2024-2025,2024-12-03,Leicester,West Ham,3,1,2.78,2.88,H
2024-2025,2024-12-04,Everton,Wolverhampton Wanderers,4,0,1.5,0.85,H
2024-2025,2024-12-04,Manchester City,Nottingham Forest,3,0,3.2,0.8,H
2024-2025,2024-12-04,Newcastle United,Liverpool,3,3,1.52,2.23,D
2024-2025,2024-12-04,Southampton,Chelsea,1,5,1.91,5.83,A
2024-2025,2024-12-04,Arsenal,Manchester United,2,0,2.97,0.26,H
2024-2025,2024-12-04,Aston Villa,Brentford,3,1,3.22,1.13,H
2024-2025,2024-12-05,Bournemouth,Tottenham,1,0,3.28,0.62,H
2024-2025,2024-12-05,Fulham,Brighton,3,1,0.67,1.1,H
2024-2025,2024-12-07,Manchester United,Nottingham Forest,2,3,1.47,0.65,A
2024-2025,2024-12-07,Crystal Palace,Manchester City,2,2,1.21,1.58,D
2024-2025,2024-12-07,Aston Villa,Southampton,1,0,2.51,0.39,H
2024-2025,2024-12-07,Brentford,Newcastle United,4,2,1.75,1.96,H
2024-2025,2024-12-08,Fulham,Arsenal,1,1,0.15,2.43,D
2024-2025,2024-12-08,Ipswich,Bournemouth,1,2,1.57,3.49,A
2024-2025,2024-12-08,Leicester,Brighton,2,2,1.42,1.12,D
2024-2025,2024-12-08,Tottenham,Chelsea,3,4,3.25,2.57,A
2024-2025,2024-12-09,West Ham,Wolverhampton Wanderers,2,1,1.2,1.48,H
2024-2025,2024-12-14,Newcastle United,Leicester,4,0,3.95,0.19,H
2024-2025,2024-12-14,Wolverhampton Wanderers,Ipswich,1,2,1.24,1.73,A
2024-2025,2024-12-14,Nottingham Forest,Aston Villa,2,1,2.29,0.39,H
2024-2025,2024-12-14,Liverpool,Fulham,2,2,2.1,1.29,D
2024-2025,2024-12-14,Arsenal,Everton,0,0,1.31,0.13,D
2024-2025,2024-12-15,Manchester City,Manchester United,1,2,0.64,2.05,A
2024-2025,2024-12-15,Chelsea,Brentford,2,1,2.59,1.66,H
2024-2025,2024-12-15,Southampton,Tottenham,0,5,1.27,3.89,A
2024-2025,2024-12-15,Brighton,Crystal Palace,1,3,1.32,3.01,A
2024-2025,2024-12-16,Bournemouth,West Ham,1,1,2.05,1.82,D
2024-2025,2024-12-21,Aston Villa,Manchester City,2,1,2.06,1.1,H
2024-2025,2024-12-21,Brentford,Nottingham Forest,0,2,0.77,0.96,A
2024-2025,2024-12-21,West Ham,Brighton,1,1,1.23,1.34,D
2024-2025,2024-12-21,Ipswich,Newcastle United,0,4,1.06,3.23,A
2024-2025,2024-12-21,Crystal Palace,Arsenal,1,5,1.61,3.05,A
2024-2025,2024-12-22,Leicester,Wolverhampton Wanderers,0,3,0.79,1.14,A
2024-2025,2024-12-22,Tottenham,Liverpool,3,6,1.2,5.2,A
2024-2025,2024-12-22,Manchester United,Bournemouth,0,3,2.29,1.83,A
2024-2025,2024-12-22,Fulham,Southampton,0,0,1.25,0.28,D
2024-2025,2024-12-22,Everton,Chelsea,0,0,1.07,1.52,D
2024-2025,2024-12-26,Manchester City,Everton,1,1,2.52,0.65,D
2024-2025,2024-12-26,Bournemouth,Crystal Palace,0,0,1.2,0.5,D
2024-2025,2024-12-26,Chelsea,Fulham,1,2,1.56,1.78,A
2024-2025,2024-12-26,Newcastle United,Aston Villa,3,0,2.83,0.23,H
2024-2025,2024-12-26,Nottingham Forest,Tottenham,1,0,1.3,1.06,H
2024-2025,2024-12-26,Southampton,West Ham,0,1,2.2,1.9,A
2024-2025,2024-12-26,Wolverhampton Wanderers,Manchester United,2,0,0.83,0.36,H
2024-2025,2024-12-26,Liverpool,Leicester,3,1,1.9,0.22,H
2024-2025,2024-12-27,Brighton,Brentford,0,0,1.34,0.96,D
2024-2025,2024-12-27,Arsenal,Ipswich,1,0,2.16,0.08,H
2024-2025,2024-12-29,West Ham,Liverpool,0,5,0.52,3.3,A
2024-2025,2024-12-29,Tottenham,Wolverhampton Wanderers,2,2,2.28,0.64,D
2024-2025,2024-12-29,Fulham,Bournemouth,2,2,0.96,1.71,D
2024-2025,2024-12-29,Leicester,Manchester City,0,2,1.84,1.58,A
2024-2025,2024-12-29,Crystal Palace,Southampton,2,1,3.05,1.22,H
2024-2025,2024-12-29,Everton,Nottingham Forest,0,2,0.62,2.03,A
2024-2025,2024-12-30,Aston Villa,Brighton,2,2,1.88,0.94,D
2024-2025,2024-12-30,Ipswich,Chelsea,2,0,1.5,1.61,H
2024-2025,2024-12-30,Manchester United,Newcastle United,0,2,1.0,2.24,A
2024-2025,2025-01-01,Brentford,Arsenal,1,3,0.27,2.0,A
2024-2025,2025-01-04,Southampton,Brentford,0,5,0.25,5.55,A
2024-2025,2025-01-04,Brighton,Arsenal,1,1,1.77,1.81,D
2024-2025,2025-01-04,Manchester City,West Ham,4,1,1.98,1.53,H
2024-2025,2025-01-04,Tottenham,Newcastle United,1,2,1.0,2.43,A
2024-2025,2025-01-04,Aston Villa,Leicester,2,1,2.35,0.82,H
2024-2025,2025-01-04,Crystal Palace,Chelsea,1,1,1.28,1.52,D
2024-2025,2025-01-04,Bournemouth,Everton,1,0,2.62,0.56,H
2024-2025,2025-01-05,Fulham,Ipswich,2,2,2.65,1.44,D
2024-2025,2025-01-05,Liverpool,Manchester United,2,2,2.86,1.67,D
2024-2025,2025-01-06,Wolverhampton Wanderers,Nottingham Forest,0,3,1.9,2.57,A
2024-2025,2025-01-14,Brentford,Manchester City,2,2,2.39,2.65,D
2024-2025,2025-01-14,West Ham,Fulham,3,2,0.94,2.84,H
2024-2025,2025-01-14,Chelsea,Bournemouth,2,2,2.54,1.15,D
2024-2025,2025-01-14,Nottingham Forest,Liverpool,1,1,0.53,2.72,D
2024-2025,2025-01-15,Arsenal,Tottenham,2,1,2.26,0.78,H
2024-2025,2025-01-15,Newcastle United,Wolverhampton Wanderers,3,0,2.13,1.47,H
2024-2025,2025-01-15,Leicester,Crystal Palace,0,2,2.1,2.26,A
2024-2025,2025-01-15,Everton,Aston Villa,0,1,1.23,1.29,A
2024-2025,2025-01-16,Ipswich,Brighton,0,2,0.27,1.06,A
2024-2025,2025-01-16,Manchester United,Southampton,3,1,3.11,1.37,H
2024-2025,2025-01-18,Newcastle United,Bournemouth,1,4,0.84,2.7,A
2024-2025,2025-01-18,Brentford,Liverpool,0,2,1.2,4.16,A
2024-2025,2025-01-18,Leicester,Fulham,0,2,0.68,2.37,A
2024-2025,2025-01-18,West Ham,Crystal Palace,0,2,0.22,1.63,A
2024-2025,2025-01-18,Arsenal,Aston Villa,2,2,1.64,1.21,D
2024-2025,2025-01-19,Nottingham Forest,Southampton,3,2,2.36,1.26,H
2024-2025,2025-01-19,Ipswich,Manchester City,0,6,0.8,3.2,A
2024-2025,2025-01-19,Everton,Tottenham,3,2,2.56,1.36,H
2024-2025,2025-01-19,Manchester United,Brighton,1,3,1.32,2.17,A
2024-2025,2025-01-20,Chelsea,Wolverhampton Wanderers,3,1,3.15,1.07,H
2024-2025,2025-01-25,Bournemouth,Nottingham Forest,5,0,2.83,1.0,H
2024-2025,2025-01-25,Brighton,Everton,0,1,0.64,0.87,A
2024-2025,2025-01-25,Liverpool,Ipswich,4,1,2.17,0.8,H
2024-2025,2025-01-25,Southampton,Newcastle United,1,3,0.83,3.08,A
2024-2025,2025-01-25,Wolverhampton Wanderers,Arsenal,0,1,0.51,0.89,A
2024-2025,2025-01-25,Manchester City,Chelsea,3,1,2.23,1.5,H
2024-2025,2025-01-26,Fulham,Manchester United,0,1,0.56,0.2,A
2024-2025,2025-01-26,Aston Villa,West Ham,1,1,0.91,1.68,D
2024-2025,2025-01-26,Crystal Palace,Brentford,1,2,1.23,1.92,A
2024-2025,2025-01-26,Tottenham,Leicester,1,2,1.27,1.4,A
2024-2025,2025-02-01,Nottingham Forest,Brighton,7,0,4.07,0.76,H
2024-2025,2025-02-01,Bournemouth,Liverpool,0,2,1.65,2.72,A
2024-2025,2025-02-01,Everton,Leicester,4,0,3.11,0.45,H
2024-2025,2025-02-01,Ipswich,Southampton,1,2,1.95,1.18,A
2024-2025,2025-02-01,Newcastle United,Fulham,1,2,1.23,1.61,A
2024-2025,2025-02-01,Wolverhampton Wanderers,Aston Villa,2,0,2.0,0.74,H
2024-2025,2025-02-02,Brentford,Tottenham,0,2,1.66,0.95,A
2024-2025,2025-02-02,Manchester United,Crystal Palace,0,2,1.51,2.45,A
2024-2025,2025-02-02,Arsenal,Manchester City,5,1,1.53,0.74,H
2024-2025,2025-02-03,Chelsea,West Ham,2,1,1.39,1.19,H
2024-2025,2025-02-12,Everton,Liverpool,2,2,0.91,0.93,D
2024-2025,2025-02-14,Brighton,Chelsea,3,0,2.07,0.65,H
2024-2025,2025-02-15,Leicester,Arsenal,0,2,0.23,1.75,A
2024-2025,2025-02-15,Aston Villa,Ipswich,1,1,2.9,0.33,D
2024-2025,2025-02-15,Fulham,Nottingham Forest,2,1,2.21,0.33,H
2024-2025,2025-02-15,Manchester City,Newcastle United,4,0,2.12,0.16,H
2024-2025,2025-02-15,Southampton,Bournemouth,1,3,0.97,2.09,A
2024-2025,2025-02-15,West Ham,Brentford,0,1,0.67,1.96,A
2024-2025,2025-02-15,Crystal Palace,Everton,1,2,2.31,1.02,A
2024-2025,2025-02-16,Liverpool,Wolverhampton Wanderers,2,1,1.87,1.05,H
2024-2025,2025-02-16,Tottenham,Manchester United,1,0,1.97,1.43,H
2024-2025,2025-02-19,Aston Villa,Liverpool,2,2,1.02,2.04,D
2024-2025,2025-02-21,Leicester,Brentford,0,4,0.73,2.03,A
2024-2025,2025-02-22,Everton,Manchester United,2,2,2.1,0.65,D
2024-2025,2025-02-22,Bournemouth,Wolverhampton Wanderers,0,1,0.63,2.1,A
2024-2025,2025-02-22,Arsenal,West Ham,0,1,1.37,1.03,A
2024-2025,2025-02-22,Fulham,Crystal Palace,0,2,0.23,1.46,A
2024-2025,2025-02-22,Ipswich,Tottenham,1,4,1.15,1.59,A
2024-2025,2025-02-22,Southampton,Brighton,0,4,0.15,5.12,A
2024-2025,2025-02-22,Aston Villa,Chelsea,2,1,2.69,2.17,H
2024-2025,2025-02-23,Newcastle United,Nottingham Forest,4,3,3.46,2.39,H
2024-2025,2025-02-23,Manchester City,Liverpool,0,2,0.58,0.81,A
2024-2025,2025-02-25,Chelsea,Southampton,4,0,2.98,0.85,H
2024-2025,2025-02-25,Crystal Palace,Aston Villa,4,1,4.03,0.67,H
2024-2025,2025-02-25,Brighton,Bournemouth,2,1,2.58,1.7,H
2024-2025,2025-02-25,Wolverhampton Wanderers,Fulham,1,2,0.93,1.43,A
2024-2025,2025-02-26,Brentford,Everton,1,1,1.34,1.45,D
2024-2025,2025-02-26,Nottingham Forest,Arsenal,0,0,0.51,1.32,D
2024-2025,2025-02-26,Tottenham,Manchester City,0,1,1.28,2.39,A
2024-2025,2025-02-26,Manchester United,Ipswich,3,2,1.4,1.04,H
2024-2025,2025-02-26,Liverpool,Newcastle United,2,0,1.4,0.46,H
2024-2025,2025-02-27,West Ham,Leicester,2,0,1.7,0.29,H
2024-2025,2025-03-08,Liverpool,Southampton,3,1,4.99,0.51,H
2024-2025,2025-03-08,Wolverhampton Wanderers,Everton,1,1,0.81,1.37,D
2024-2025,2025-03-08,Brentford,Aston Villa,0,1,0.64,1.3,A
2024-2025,2025-03-08,Brighton,Fulham,2,1,1.94,0.71,H
2024-2025,2025-03-08,Nottingham Forest,Manchester City,1,0,0.5,0.72,H
2024-2025,2025-03-08,Crystal Palace,Ipswich,1,0,3.14,1.63,H
2024-2025,2025-03-09,Chelsea,Leicester,1,0,1.77,0.11,H
2024-2025,2025-03-09,Tottenham,Bournemouth,2,2,1.35,2.23,D
2024-2025,2025-03-09,Manchester United,Arsenal,1,1,1.31,1.83,D
2024-2025,2025-03-10,West Ham,Newcastle United,0,1,0.82,1.63,A
2024-2025,2025-03-15,Southampton,Wolverhampton Wanderers,1,2,1.28,0.54,A
2024-2025,2025-03-15,Manchester City,Brighton,2,2,2.03,2.11,D
2024-2025,2025-03-15,Bournemouth,Brentford,1,2,2.03,1.6,A
2024-2025,2025-03-15,Everton,West Ham,1,1,1.19,0.52,D
2024-2025,2025-03-15,Ipswich,Nottingham Forest,2,4,0.52,1.31,A
2024-2025,2025-03-16,Leicester,Manchester United,0,3,1.3,1.14,A
2024-2025,2025-03-16,Arsenal,Chelsea,1,0,0.7,0.29,H
2024-2025,2025-03-16,Fulham,Tottenham,2,0,1.04,1.41,H
2024-2025,2025-04-01,Arsenal,Fulham,2,1,2.3,1.44,H
2024-2025,2025-04-01,Wolverhampton Wanderers,West Ham,1,0,1.1,1.73,H
2024-2025,2025-04-01,Nottingham Forest,Manchester United,1,0,0.51,1.87,H
2024-2025,2025-04-02,Brighton,Aston Villa,0,3,0.56,1.21,A
2024-2025,2025-04-02,Bournemouth,Ipswich,1,2,2.0,1.41,A
2024-2025,2025-04-02,Manchester City,Leicester,2,0,2.07,0.1,H
2024-2025,2025-04-02,Newcastle United,Brentford,2,1,2.27,1.53,H
2024-2025,2025-04-02,Southampton,Crystal Palace,1,1,0.69,0.94,D
2024-2025,2025-04-02,Liverpool,Everton,1,0,1.3,0.82,H
2024-2025,2025-04-03,Chelsea,Tottenham,1,0,1.3,1.4,H
2024-2025,2025-04-05,Aston Villa,Nottingham Forest,2,1,2.63,0.97,H
2024-2025,2025-04-05,West Ham,Bournemouth,2,2,0.91,1.95,D
2024-2025,2025-04-05,Everton,Arsenal,1,1,1.23,1.4,D
2024-2025,2025-04-05,Crystal Palace,Brighton,2,1,0.44,1.27,H
2024-2025,2025-04-05,Ipswich,Wolverhampton Wanderers,1,2,0.87,2.81,A
2024-2025,2025-04-06,Brentford,Chelsea,0,0,1.36,1.48,D
2024-2025,2025-04-06,Fulham,Liverpool,3,2,1.73,1.41,H
2024-2025,2025-04-06,Tottenham,Southampton,3,1,2.65,0.78,H
2024-2025,2025-04-06,Manchester United,Manchester City,0,0,1.23,0.69,D
2024-2025,2025-04-07,Leicester,Newcastle United,0,3,0.35,3.44,A
2024-2025,2025-04-12,Arsenal,Brentford,1,1,0.77,0.59,D
2024-2025,2025-04-12,Southampton,Aston Villa,0,3,0.41,3.0,A
2024-2025,2025-04-12,Brighton,Leicester,2,2,3.7,1.98,D
2024-2025,2025-04-12,Manchester City,Crystal Palace,5,2,4.6,1.34,H
2024-2025,2025-04-12,Nottingham Forest,Everton,0,1,0.42,1.26,A
2024-2025,2025-04-13,Chelsea,Ipswich,2,2,2.91,1.6,D
2024-2025,2025-04-13,Liverpool,West Ham,2,1,1.43,1.47,H
2024-2025,2025-04-13,Wolverhampton Wanderers,Tottenham,4,2,2.23,1.63,H
2024-2025,2025-04-13,Newcastle United,Manchester United,4,1,2.64,0.79,H
2024-2025,2025-04-14,Bournemouth,Fulham,1,0,1.86,1.07,H
2024-2025,2025-04-16,Newcastle United,Crystal Palace,5,0,2.33,2.38,H
2024-2025,2025-04-19,Everton,Manchester City,0,2,0.82,1.88,A
2024-2025,2025-04-19,Aston Villa,Newcastle United,4,1,3.05,1.27,H
2024-2025,2025-04-19,West Ham,Southampton,1,1,0.98,0.92,D
2024-2025,2025-04-19,Brentford,Brighton,4,2,2.96,1.24,H
2024-2025,2025-04-19,Crystal Palace,Bournemouth,0,0,0.34,0.66,D
2024-2025,2025-04-20,Leicester,Liverpool,0,1,0.23,4.53,A
2024-2025,2025-04-20,Fulham,Chelsea,1,2,0.31,0.75,A
2024-2025,2025-04-20,Ipswich,Arsenal,0,4,0.19,2.81,A
2024-2025,2025-04-20,Manchester United,Wolverhampton Wanderers,0,1,1.14,0.19,A
2024-2025,2025-04-21,Tottenham,Nottingham Forest,1,2,2.4,0.56,A
2024-2025,2025-04-22,Manchester City,Aston Villa,2,1,1.36,1.86,H
2024-2025,2025-04-23,Arsenal,Crystal Palace,2,2,1.92,2.51,D
2024-2025,2025-04-26,Wolverhampton Wanderers,Leicester,3,0,2.58,1.05,H
2024-2025,2025-04-26,Southampton,Fulham,1,2,0.94,2.0,A
2024-2025,2025-04-26,Brighton,West Ham,3,2,1.29,1.24,H
2024-2025,2025-04-26,Chelsea,Everton,1,0,0.77,0.92,H
2024-2025,2025-04-26,Newcastle United,Ipswich,3,0,4.12,0.13,H
2024-2025,2025-04-27,Bournemouth,Manchester United,1,1,0.61,1.91,D
2024-2025,2025-04-27,Liverpool,Tottenham,5,1,2.51,0.51,H
2024-2025,2025-05-01,Nottingham Forest,Brentford,0,2,0.67,1.52,A
2024-2025,2025-05-02,Manchester City,Wolverhampton Wanderers,1,0,0.86,0.62,H
2024-2025,2025-05-03,Arsenal,Bournemouth,1,2,2.05,1.42,A
2024-2025,2025-05-03,Leicester,Southampton,2,0,1.61,0.55,H
2024-2025,2025-05-03,Aston Villa,Fulham,1,0,1.29,0.7,H
2024-2025,2025-05-03,Everton,Ipswich,2,2,0.81,1.14,D
2024-2025,2025-05-04,West Ham,Tottenham,1,1,1.15,0.85,D
2024-2025,2025-05-04,Brighton,Newcastle United,1,1,0.69,1.64,D
2024-2025,2025-05-04,Brentford,Manchester United,4,3,3.59,1.13,H
2024-2025,2025-05-04,Chelsea,Liverpool,3,1,3.52,1.43,H
2024-2025,2025-05-05,Crystal Palace,Nottingham Forest,1,1,2.34,0.64,D
2024-2025,2025-05-10,Wolverhampton Wanderers,Brighton,0,2,0.73,1.41,A
2024-2025,2025-05-10,Southampton,Manchester City,0,0,0.14,1.58,D
2024-2025,2025-05-10,Bournemouth,Aston Villa,0,1,1.02,1.12,A
2024-2025,2025-05-10,Fulham,Everton,1,3,1.21,1.33,A
2024-2025,2025-05-10,Ipswich,Brentford,0,1,0.72,1.32,A
2024-2025,2025-05-11,Newcastle United,Chelsea,2,0,1.67,0.65,H
2024-2025,2025-05-11,Manchester United,West Ham,0,2,2.31,2.16,A
2024-2025,2025-05-11,Nottingham Forest,Leicester,2,2,1.77,1.23,D
2024-2025,2025-05-11,Tottenham,Crystal Palace,0,2,0.81,3.99,A
2024-2025,2025-05-11,Liverpool,Arsenal,2,2,2.75,2.19,D
2024-2025,2025-05-16,Aston Villa,Tottenham,2,0,1.69,0.52,H
2024-2025,2025-05-16,Chelsea,Manchester United,1,0,1.3,0.34,H
2024-2025,2025-05-18,Arsenal,Newcastle United,1,0,1.16,2.25,H
2024-2025,2025-05-18,Leicester,Ipswich,2,0,0.79,1.37,H
2024-2025,2025-05-18,West Ham,Nottingham Forest,1,2,0.85,2.15,A
2024-2025,2025-05-18,Everton,Southampton,2,0,2.68,1.05,H
2024-2025,2025-05-18,Brentford,Fulham,2,3,2.43,1.62,A
2024-2025,2025-05-19,Brighton,Liverpool,3,2,2.18,3.06,H
2024-2025,2025-05-20,Crystal Palace,Wolverhampton Wanderers,4,2,1.68,1.43,H
2024-2025,2025-05-20,Manchester City,Bournemouth,3,1,1.6,0.96,H
2024-2025,2025-05-25,Southampton,Arsenal,1,2,0.6,2.41,A
2024-2025,2025-05-25,Bournemouth,Leicester,2,0,2.72,0.16,H
2024-2025,2025-05-25,Wolverhampton Wanderers,Brentford,1,1,1.11,1.97,D
2024-2025,2025-05-25,Tottenham,Brighton,1,4,1.85,3.12,A
2024-2025,2025-05-25,Ipswich,West Ham,1,3,0.89,0.97,A
2024-2025,2025-05-25,Manchester United,Aston Villa,2,0,2.96,0.34,H
2024-2025,2025-05-25,Newcastle United,Everton,0,1,1.16,1.07,A
2024-2025,2025-05-25,Nottingham Forest,Chelsea,0,1,1.58,1.31,A
2024-2025,2025-05-25,Liverpool,Crystal Palace,1,1,1.92,1.41,D
2024-2025,2025-05-25,Fulham,Manchester City,0,2,2.22,2.46,A
